,Ridge,Lasso,Random Forest,XGBoost,LightGBM
Adjusted Closing Price Predictions,"[ 9.92907861e-02  2.14197049e-01  5.25299743e-01  5.52975922e-01
  2.29099030e-01  4.69785451e-01 -2.61150275e-01 -1.51302616e-01
  6.08003101e-01  2.21254344e-01  2.87604480e+00  4.14017315e-01
  4.17806926e-02  6.68124468e-01  1.54089326e+00  3.85320220e-01
 -5.67209217e-02  2.99601853e-01  7.10113005e-01  5.63968254e-01
 -1.67446962e-01  1.06047223e-01  7.20730631e-01  4.44957174e-01
  2.23627505e-01  5.80842066e-01  5.51371774e-02  2.50783370e-01
 -1.15870046e-01  2.60794263e+00  3.36588923e-01  1.19082135e-01
 -1.19445495e-01 -6.35506395e-02  9.73871223e-02  2.53439818e-01
  2.73671870e-01  1.10611578e-01  1.05095780e-01  3.51408265e+00
  2.52656663e-01  3.39104962e-01  3.71606386e+00  4.98497964e-02
  4.93169324e-02  3.85638536e+00 -5.77773527e-02  1.83238362e-01
  2.32975445e-01 -2.00901031e-02  1.16339591e-01  2.32044888e-01
  4.73902013e+00 -1.60796218e-02  2.88013843e-01  7.61809638e-02
  4.78670554e+00 -5.97253645e-02  7.83761871e-03  1.43554105e-01
  4.11814101e-02  1.30508664e-01 -9.20842002e-02  9.53682224e-02
  1.12867334e+00 -5.84032690e-02  1.08454861e-01  1.11292007e-01
  1.35953025e-01 -4.64528244e-02 -8.86987662e-02  4.68711365e-02
 -1.49193538e-01  8.95575458e-02  9.71529829e-02  1.49958064e-01
  2.51196971e-01 -3.72466922e-02  6.42856379e-01  9.10873390e-02
  2.65039335e-01  8.51377905e-02 -4.97587826e-01 -5.03074872e-02
 -3.64921340e-02  1.62326545e+00  3.74018434e-01  8.88023261e-02
  1.02950881e-01  8.17982419e-01  3.58082318e+00  1.78168830e-01
  7.95850936e-01  2.51366099e-01  3.69692938e-01  5.02901630e-01
  2.58121118e-01  1.88138205e-01  1.14220497e+00  2.77768163e-01
  1.54312382e-01  1.20361103e-01  1.64168877e-01  5.76294870e-02
  5.64267426e-02  1.47477988e-01 -4.84578225e-02  1.84523521e-01
 -4.15467642e-02  1.14384472e-01  9.51590162e-02  5.97697438e-02
  5.34784773e-02  1.33963008e-01  4.95214092e-03 -1.99390653e-02
  1.12490208e-01  1.03975023e-01  4.62197592e-02  2.34253401e-01
  6.94701615e-02  5.38923037e-03  2.88168410e-02 -8.79121994e-02
  1.08900302e-01 -1.57733848e-01  4.65857632e-02  8.27696096e-02
 -9.38132925e-02  8.46011572e-02 -2.55910473e-02  1.76531431e-02
  3.48763161e-01  4.40179495e-01  2.05399910e-01  3.50311057e-01
  1.85348422e-01  2.60413043e-01  5.41712280e-01  3.58718569e-01
  6.36461503e-01  8.58973393e-01  4.53913877e-01  3.55375199e-01
  7.07016972e-01  1.83830227e-01  7.78777323e-01  2.48979426e-01
  4.82569997e-01  2.91060837e-01  3.85723430e-01  2.68612192e-01
  5.74390999e-01  7.29827235e-01  1.58310635e-01  2.93675702e-01
  5.55749456e-01  4.94482990e-01  4.68768515e-01  5.23104711e-01
  5.19817075e-01  4.08929902e-01  5.11489433e-01  4.58426856e-01
  7.15444854e-01  4.50744031e-01  6.97305721e-01  4.88231971e-01
  6.29542679e-01  9.97207700e-02  5.02682849e-01  2.44340419e-01
  6.26724348e-01  2.46583905e-01  3.99732766e-01  2.39149658e-01
  2.02000544e-01  1.30922019e-01  3.00718122e-01 -2.95179848e-02
  3.24048219e-01 -1.79142799e-01  2.75857082e-01 -1.49964788e-01
  3.63149692e-01  2.70170435e-01  1.82544348e-02  4.31824918e-01
 -1.09149352e-01  4.19110665e-01 -2.20496643e-01  4.65026861e-01
 -2.10408029e-01  1.69881234e-01 -2.44694867e-01  2.05159856e-01
 -2.17387741e-01  3.61207632e-01 -3.60467966e-03  4.16846646e-02
  2.83103109e-01  3.52447108e-01 -7.93863655e-02  3.77434887e-01
  8.73697909e-02  1.08089854e-01  3.37560731e-01  1.35700034e-01
  2.67153885e-01 -2.44843035e-01  3.00059630e-01 -1.47023660e-01
  1.23196081e-01 -1.07350268e-01  7.54560174e-02 -1.97937625e-01
  1.49194364e-01 -1.32812692e-03  3.22475097e-01  2.07646260e-01
  9.27864632e-02  3.22296715e-01  1.14785045e-01  2.69079353e-01
  1.20363650e-01  3.87392034e-01  3.84205111e-01  3.09858924e-01
  3.41487404e-01  3.07506863e-01  5.36001458e-01  3.35503591e-01
 -2.00278590e-01  2.02119203e-01 -2.40743691e-01  3.41093185e-01
 -1.26876788e-02  3.20845120e-01  1.67112516e-02  1.88198492e-01
  3.24543068e-01  3.85445311e-01  3.46272649e-01  4.91278535e-01
  5.78134624e-01  4.00530549e-01  5.74756745e-01  3.59686488e-01
  5.97828450e-01  1.94548952e-01 -8.93128713e-02  2.03383164e+00
  5.35015616e-01  1.39367520e-01  2.15679281e-01  1.97132634e-02
 -4.22288741e-01  2.71902534e-01  3.61195141e-01  2.14684047e+00
  3.68160314e-01 -7.70918001e-02 -9.16920395e-02  3.75865407e-01
  3.57585877e-01  2.09676722e-01  4.36202282e-01  2.36433331e-01
  4.28135256e-01 -7.11853483e-01  3.55016163e-01 -1.41870538e+00
  1.71739671e-01  1.48078071e-01  1.42435558e-01  3.71972731e-01
  4.61848651e-02 -2.70009328e+00  3.90339476e-01  2.07241719e-01
  1.13251865e-01  3.73740670e-01  1.83830350e-01  1.99106405e-01
 -1.94405388e+00  9.47843764e-02  2.00798973e-01  7.96083876e-02
  2.64555259e-01  3.59006863e-01  1.70285842e-01  2.98302547e-01
  4.05122940e-01  1.60604084e-01 -7.49674971e-01  4.90942879e-01
  1.91772533e-02  2.89521988e-01  3.85810450e-01 -4.45192041e-01
  3.11873825e-01 -2.23448887e-01  1.16542103e-01 -1.82385945e-01
  2.51335766e-01 -2.78647630e-01  1.56694881e-01  2.04238843e-01
  2.42276440e-01  8.81043974e-02 -5.97993129e-02  2.86236871e-01
  2.75604557e-01  2.40369044e-01  1.86012857e-01 -3.11843685e-01
  2.55968768e-01  4.61772077e-02  4.24176013e-01  1.46169582e-01
  2.51825386e-01  1.38787593e+00  3.50188302e-01 -1.62014422e-01
  1.90532986e+00  4.31835361e-01 -2.51259630e-01  3.41775990e-02
  2.13647895e-01  2.27233866e+00  3.71284605e-01 -1.42942793e-01
  1.22948443e-01  1.66530531e-01  7.96479246e-02  2.95268399e-01
  2.95038051e-01  3.01557701e+00  1.39644482e-01  1.82729568e-01
  2.44873808e-01  3.40683824e-01  3.55158565e+00  3.70653685e-01
  2.18954381e-01  2.08551674e-01  3.01363313e+00  2.20757399e-01
  2.28701406e-01  4.60405914e-01  3.47095386e-01  9.03909580e-01
  4.86408013e-01  3.29485417e-01  6.57948364e-01  3.97072272e-01
  1.22095679e+00  4.69093761e-01  5.82103982e-01  2.89634067e-01
  4.02480709e-01  2.57420653e-01  7.34490200e-01  6.75819172e-01
  5.52777631e-01  3.46940859e-01  4.35169032e-01  6.69794814e-01
  4.55797046e-01  7.16396182e-01  5.05591440e-01  6.70260850e-01
  5.00880514e-01  6.99399668e-01  3.91068015e-02 -1.37531023e-01
  7.74175729e-01  5.47772695e-01  4.84756483e-01 -1.15943208e+01
 -1.36009791e-01  8.78133815e-02  5.01090506e-01 -4.85001035e-02
 -1.07002396e+01  1.56838648e-01  4.67845354e-01  5.05488450e-01
  5.19665484e-01 -4.01080370e-02  6.31108681e-02  3.52398116e-01
 -8.73309303e+00 -2.80366878e-02  2.98184940e-01 -5.40726961e+00
  1.94495817e-01  2.88559099e-01  1.11439542e-01  4.84607555e-01
 -1.37027760e+00  2.82762968e+00  1.51755638e-01  4.64178011e-01
  4.28537241e-01  5.55445199e-01  1.50934985e-01  4.47706237e-01
  5.15706951e+00  8.00015203e+00  1.53148313e-01  7.03961534e-01
  3.08674991e-01  2.43135527e-01 -1.87434726e-02  9.08313411e-02
  5.93676717e-01  2.16786415e-01  1.05333699e+01  1.31074655e+01
  5.80081673e-02  6.91228991e-01  2.11634283e-01  1.94198901e-01
  2.36083128e-01  1.53560971e+01  3.20156333e-02  3.21130900e-01
  6.89417657e-01  2.06344817e-01  6.84741902e-01  1.23736716e+01
  4.86274777e-02  3.44742952e-01 -7.02916383e-02  3.28758060e-01
  1.72487284e-02  1.43308794e-01  5.07555700e-01  4.29543621e-02
  2.86869182e-01  2.48331292e-01  9.25191451e-02  2.34321340e-01
 -1.66429972e+01  1.84158619e-01  5.29868424e-01  5.96619578e-02
  5.45651487e-01  2.88004110e-01  3.46081939e-01 -1.41675517e+01
  4.76133607e-01  3.49195319e-01  3.08569046e-02  2.81871116e-01
 -1.18632158e+01 -9.72952839e+00  5.97883947e-01  3.46661012e-01
  7.58653553e-02  2.09907248e-01  9.97795789e-02 -7.59587792e+00
  1.03831062e-01  7.93227582e-01  2.48587641e-02  2.72047884e-01
 -3.82755340e+00  5.94786562e-01  9.79186489e-01 -3.86391613e-02
  3.69737217e-01  3.49681923e-01  9.64200642e-01  6.53970543e-01
  5.55693219e-02  3.05553368e-01 -1.39505253e+00  6.86687736e-01
  2.30042032e-01  3.83384192e-01 -1.30293492e+00  5.67890667e-01
  5.83634287e-01  5.81475990e-01  1.10147002e-01 -1.44690251e+00
  2.87729018e-01  6.79595889e-01  3.34879902e-01  2.58591357e-01
  4.06337856e-02 -1.57730702e+00  6.83961772e-02  3.38430154e-01
 -1.04360372e+00  2.31576475e-01  4.87046897e-01  2.53250503e-01
  1.86481409e-01  2.91724365e-01  4.06793383e-01  2.82952016e-01
  1.31631422e-01  1.74932501e-01  4.47496353e-01  4.22607947e-01
  6.02087532e-02  4.69332679e-02 -1.66656028e+00  1.25230743e-01
  2.78558659e-01  4.66230008e-02  1.08538309e-01 -1.13005906e+00
  1.78954888e-01  8.55537604e-02  1.12474879e-01  3.53690070e-01
  1.34982580e-01  1.18382911e-01 -5.83393134e-02  4.94479779e-01
 -7.38901467e-02  1.87192708e-01  2.23658165e-01  1.09793971e-01
  5.77532519e-01 -9.37150168e-01  8.10769607e-02  1.84880916e-01
 -1.92088345e-02  3.05712028e-01  2.61468545e-01  3.44100206e-01
  2.89308217e-01  1.41256029e-01  1.60408304e-01  1.34569553e-02
  1.48311136e-01  2.14981232e-01  1.70602425e-01  3.55814461e-01
 -6.13984357e-02  2.24276287e-01  1.80644419e-01  7.32188408e-01
  4.05899875e-02 -7.93390898e-02  1.18381879e-01 -1.41943172e-01
 -1.15824734e-01  4.60170239e-01 -7.84612669e-03 -2.07588342e-01
 -7.85213158e-03 -1.69149114e-01  4.68013678e-01 -2.14260631e-01
  9.55039384e-02  5.11501535e-01  7.06553386e-03 -2.35796069e-01
 -7.94596196e-02  3.64545602e-01  7.22998773e-01  4.86556517e-02
 -7.67824661e-02 -5.64403399e-02  4.82846351e-01 -4.73322592e-02
 -1.05212647e-01  3.03428736e-02 -1.42096959e-01 -1.27982995e-01
  1.51754489e-03  5.95298401e-01 -8.20109682e-02  4.88898879e-01
 -8.52726934e-02 -2.35570248e-02  6.09666271e-02 -3.30124669e-02
  2.14762721e-01 -4.16019001e-02  3.87104520e-01  1.39670051e-01
  7.12021507e-01  2.56549892e-01  2.56943263e-01  1.20606146e-01
  3.34790558e-01  2.27402335e-01 -4.48857597e-02  3.42933578e-01
  3.90842254e-01  3.04773727e-01  3.05920915e-01 -3.30144470e-01
  3.63891031e-01  2.54558743e-01  9.64045947e-02  3.46099944e-01
  2.75887487e-01  6.90055026e-01  1.90306751e-01  7.02464077e-02
  2.94530014e-01 -1.56350328e-01 -3.71213542e-02  2.18941022e-01
  3.28214367e-01  7.17231037e-02  2.89575601e-01 -2.42530308e-01
  3.85821351e-01  1.73028628e-01  1.82291773e-01  5.99506402e-01
  5.28288903e-01  3.22725782e-01  3.23495205e-01  3.93967539e-01
  2.05554621e-01  5.66529236e-01  2.53467600e-01 -4.77286386e-02
 -2.07860342e-01  4.71544166e-01 -2.01696982e-01  1.31415274e-01
  2.77723027e-02  2.87770588e-01 -9.26160774e-02  1.37326844e-01
  1.07319518e-01  5.39788167e-01  2.01264559e-02  1.83066009e-01
  2.63157723e-01  1.77937003e-01  1.74726053e-01  2.18470034e-01
  2.91934622e-04  2.02816218e-01  1.35503287e-01  3.91635308e-01
  2.24561935e-01  1.51151833e-01  3.58658983e-01  4.91365860e-01
  2.01432006e-01  1.62307742e-01  2.12661847e-01  1.68353930e-01
  2.28019241e-01  5.43521784e-01  3.90577544e-01  2.60489083e-01
  6.20825065e-01  2.48492557e-01  6.66072496e-01  5.02797766e-01
  4.77700089e-01  3.48792096e-01  4.71613010e-01  4.57634031e-01
  5.56870755e-01  8.13361793e-01  5.97747644e-01  5.07519672e-01
  3.99129371e-01  3.46997815e-01  4.75133165e-01  9.20307963e-01
  6.02867966e-01  1.97096911e-01  4.44462459e-01  7.13649699e-01
  4.37768214e-01  4.84682971e-01  2.38184713e-01  1.26091819e-01
  2.67053188e-01  3.50218109e-01  3.76918860e-01 -1.73246323e-01
  1.94983688e-01  2.86810435e-01  6.75367638e-01 -4.46985594e-02
  7.88511975e-01  3.82011359e-01  3.60159186e-01  4.80903426e-02
  4.47929489e-01  4.31848258e-01  8.24315325e-01  4.89408084e-01
  7.67075749e-01  6.26894095e-01  2.28170555e-01 -5.43738072e-02
  4.72104474e-01  4.05676953e-01  1.06320917e+00  7.74799153e-01
  7.62395979e-01  6.08359767e-01  3.89224851e-01 -5.29597867e-02
  3.24995839e-01  3.43238480e-01  5.45525631e-01 -1.27959482e-02
  3.37863628e-01  1.01019069e+00  2.85314558e-01 -1.21479434e-01
  3.16964958e-01  2.86497016e-01  3.41325516e-01  1.99563645e-02
  1.35358144e-01  3.58003829e-01  2.99228066e-01  2.35955115e-01
 -9.40255660e-03  2.80552847e-01  2.30561985e-01  2.54691279e-01
  9.04909388e-02  2.95407636e-01  2.96894958e-01  2.02302052e-01
  1.51405887e-01  4.04918074e-01  3.54235798e-01  2.48630984e-01
  2.38040678e-01  4.48953291e-01  3.17927917e-01  2.94372477e-01
  3.30086593e-01  3.87997634e-01  3.70503227e-01  5.15990355e-01
 -1.66855771e-01  6.22129757e-01  1.35046105e-01 -1.22343166e+00
  5.84726052e-01  1.31834839e+00  1.93261906e-01  4.09514109e-01
 -7.98543760e-01  8.96412049e-01  3.30156805e-01  4.49952619e-01
  1.13260616e+00  3.40408570e-01  4.80843928e-01  3.23532788e-01
  7.17144504e-01  3.38021633e-01  2.23139873e-01  3.76270147e-01
  4.07494633e-01  5.54185954e-01  2.65729292e-01  2.89818088e-01
  5.68163902e-01 -1.20356223e-01  5.99011268e-01  4.05544085e-01
  4.19177771e-01  6.33540622e-01  3.67378409e-01  6.27387818e-01
  3.10826309e-01  3.91930529e-01  2.02651263e-01  5.93425432e-01
  2.75548052e-01  2.97744022e-01  1.23542263e-01  3.64270835e-01
  3.28805966e-01  2.33838395e-01  2.45733035e-01  1.25536419e-01
  1.83325742e-01  4.27948032e-01  2.05892830e-01  1.18041591e-01
  5.45080481e-01  3.84408374e-01  2.01954823e-01  3.66276724e-01
  9.36106407e-04  4.03017573e-01  2.37593985e-01  1.80120159e-01
  2.65382657e-01  1.87063730e-01  8.78714591e-03  1.74744562e-01
  3.61794621e-01  3.16660473e-01  1.45386134e-01  6.11231032e-01
  1.87716585e+00  2.11181109e-01  2.66772923e-01  1.29424818e+00
  4.42773196e-01  5.34638766e-01  3.06458208e-01  1.54527905e-01
  1.38718415e+00  2.49261587e-01  2.64600131e-01  3.16280681e-01
  1.61538976e-01  2.97758244e-01  2.17741069e-01  1.73195234e-01
  2.21623896e-01  2.43451729e-01  2.43314689e-01  2.58732289e-01
  1.43735388e-01  4.36279630e-02  2.84995555e-02  1.42183208e-01
 -3.01104951e-02 -3.00230830e-01  3.13389805e-01 -3.98242149e-02
 -1.96506598e-02  2.65717167e-01  3.17918790e-01  1.19082038e-01
  2.03131792e-01  3.35301298e-01  3.31328707e-01  1.70426683e-01
  4.03258888e-01  2.48918834e-01  3.36402891e-01  1.31781574e-02
  2.08142538e-01  2.75911452e-01  1.41654958e-02  6.59430844e-02
  2.18128971e-01  2.41309182e-01  8.84793610e-02  1.58335587e-01
  2.05649741e-01  7.33396012e-02  1.69375390e-01  2.38497496e-01
 -5.35594004e-02  1.61517176e-01  1.41069125e-01  2.18330264e-01
  1.14061267e-01 -2.97013915e-02  1.63070098e-01  9.64918828e-02
  2.26523203e-01 -4.83222925e-02 -7.24040629e-02  4.84684108e-02
  1.89467731e-01 -2.23045465e-01 -2.35816528e-01  1.99981667e-01
 -5.95804564e-02  3.14362037e-01  9.30719655e-03  1.43066890e-01
 -4.98896628e-02  3.04723262e-01  3.71312589e-02  4.42226418e-01
  2.24869648e-03  8.79290342e-02  1.01258487e-01  4.23335579e-02
  1.26743099e-01  3.66637023e-01  1.63324235e-01  1.59276493e-01
  7.83100692e-02  4.15011270e-01  1.60555114e-01  3.84533795e-01
  8.98096986e-02  3.59098268e-03  1.82408152e-02 -1.12522298e-02
  3.82092072e-01  3.33581201e-02 -5.62628037e-02  3.33328284e-01
  6.89206954e-02  2.47601402e-01  1.36609144e-02  8.16842928e-03
  3.20846607e-01  3.80453769e-01  1.18952048e-01  4.43251017e-01
  1.65262662e-01  3.13006637e-01]","[0.21621902 0.16798559 0.17639817 0.17761621 0.21673318 0.16786191
 0.4245102  0.42279163 0.18542844 0.21710526 0.27153202 0.16803494
 0.42048229 0.1893585  0.27049535 0.16718952 0.41834587 0.16608918
 0.26810914 0.19133573 0.4216734  0.21692657 0.26703036 0.19162425
 0.1660048  0.19075635 0.21715497 0.16672052 0.42267658 0.26733728
 0.1928202  0.21524882 0.41520613 0.41142025 0.21504051 0.19238985
 0.19184649 0.40416587 0.2149052  0.26936609 0.19250069 0.16601782
 0.26984904 0.39008057 0.18684106 0.26819293 0.30949073 0.19063
 0.16542852 0.18771825 0.19062883 0.16524398 0.26658434 0.3032565
 0.16495657 0.19141196 0.26733397 0.1886729  0.30074777 0.1680872
 0.18922915 0.19299088 0.31082007 0.19292306 0.27836571 0.34649919
 0.16990447 0.19555542 0.19363546 0.34629878 0.16993813 0.1937965
 0.16930243 0.34398283 0.19100498 0.19103453 0.337863   0.1876232
 0.16832875 0.18931751 0.17693629 0.36779098 0.28386418 0.18289645
 0.18575575 0.27918868 0.17952926 0.18295509 0.361669   0.17542222
 0.27951561 0.19605172 0.17521078 0.18254102 0.36183092 0.17541952
 0.18169322 0.19481696 0.28024806 0.19422532 0.36448557 0.3649522
 0.19494075 0.36544232 0.19477059 0.19240879 0.37044852 0.19268762
 0.37365386 0.36865511 0.19041949 0.36539736 0.18936188 0.18629916
 0.36556519 0.37404781 0.18755399 0.37985326 0.18980814 0.38188792
 0.19028475 0.19135281 0.37784378 0.35253466 0.18984795 0.34646499
 0.19111848 0.19333133 0.35993316 0.19412037 0.35721955 0.1948568
 0.3059925  0.29718386 0.19635918 0.1853234  0.29904787 0.29792263
 0.1862196  0.29573663 0.1889083  0.19846435 0.29412768 0.30743313
 0.21843389 0.30832057 0.22645626 0.30564765 0.22760768 0.30370176
 0.22592224 0.30369016 0.22479257 0.22478973 0.30562138 0.30098374
 0.22197474 0.29754849 0.21957991 0.21562122 0.30033171 0.21303894
 0.30026314 0.21606937 0.30408041 0.21568797 0.30549875 0.22057316
 0.28905129 0.22286868 0.29288161 0.22509706 0.29511697 0.22598791
 0.29613643 0.2915674  0.22857412 0.28628051 0.22856248 0.28637969
 0.23166929 0.29197807 0.22998618 0.28028764 0.21376064 0.19748577
 0.27882368 0.19393451 0.28081009 0.19370555 0.28120938 0.19208312
 0.27873775 0.18329018 0.28084606 0.181      0.28284609 0.17910781
 0.28148518 0.26479534 0.17027668 0.16569387 0.26704607 0.16650339
 0.26783424 0.26271229 0.16673712 0.25973201 0.1655499  0.26481552
 0.17313012 0.26458684 0.17446524 0.25748163 0.17718959 0.28578443
 0.18006482 0.30043548 0.18154463 0.18382886 0.31282074 0.18535576
 0.31428758 0.19320439 0.31839077 0.1953871  0.32740701 0.33258905
 0.19619657 0.33698388 0.19984659 0.19954513 0.33833451 0.19894443
 0.3433862  0.19574547 0.36823715 0.19597592 0.36504526 0.35776943
 0.19382373 0.19316223 0.3559085  0.19073783 0.34275192 0.19248661
 0.33897544 0.19163075 0.33852281 0.18960211 0.16310551 0.2738714
 0.33787104 0.18976498 0.19205718 0.16375781 0.16373773 0.19095484
 0.1937633  0.26852247 0.33402853 0.26866105 0.16088119 0.19178916
 0.19431332 0.33434874 0.19285544 0.16054522 0.19581917 0.26716974
 0.33986789 0.26785238 0.19707347 0.16160299 0.34422743 0.19402817
 0.34291791 0.26677259 0.20493654 0.1998547  0.16162033 0.20541829
 0.16195352 0.20059572 0.26446258 0.34687557 0.35745607 0.16251119
 0.1974313  0.20655922 0.19609725 0.35632224 0.20732715 0.16327735
 0.26493023 0.19646043 0.16416977 0.36442028 0.20750806 0.26435766
 0.20785406 0.16426729 0.36927369 0.26625711 0.19209889 0.16395576
 0.37840276 0.20944226 0.26756635 0.191883   0.16359712 0.37150977
 0.20988496 0.19043634 0.18996761 0.16311408 0.20960091 0.32614313
 0.26013845 0.3270722  0.20912886 0.2597427  0.19015631 0.16300275
 0.2604373  0.20831224 0.16301214 0.32913907 0.19101723 0.26228081
 0.20860483 0.16318519 0.32997727 0.18977304 0.16327549 0.20574389
 0.32686897 0.26177102 0.18950382 0.16698924 0.20779218 0.32769084
 0.2625461  0.21026431 0.3158447  0.20630402 0.25780015 0.16711612
 0.21119811 0.21026978 0.31033011 0.2569655  0.16557837 0.20689664
 0.20924695 0.31182701 0.25626858 0.20719237 0.1658399  0.31307074
 0.20722629 0.16600752 0.25679326 0.21009799 0.20765615 0.25610983
 0.31481453 0.21055613 0.16549671 0.25548189 0.31554459 0.20794401
 0.1655092  0.21053961 0.31674706 0.16520195 0.20757261 0.19483837
 0.20768146 0.25249504 0.16512619 0.31654425 0.19514397 0.16539832
 0.2846739  0.31829042 0.20490517 0.19541333 0.19484888 0.16553322
 0.32034033 0.20220417 0.31365215 0.16559633 0.32134905 0.32160772
 0.19912235 0.20055756 0.16564476 0.32304637 0.33563382 0.35891396
 0.16576236 0.20439049 0.32060709 0.20752227 0.16588245 0.32060524
 0.37200368 0.37609412 0.16569531 0.20862109 0.1947395  0.32173384
 0.16564192 0.30769842 0.21067534 0.19360886 0.38639205 0.38760168
 0.19114124 0.21050405 0.16580649 0.30908908 0.30957146 0.38827894
 0.19202597 0.16596099 0.2130411  0.30002151 0.21405605 0.38958819
 0.19250165 0.16514013 0.17916057 0.19356081 0.1584452  0.26149269
 0.19363117 0.17890456 0.26370218 0.15835798 0.17883824 0.26634142
 0.41398595 0.15849032 0.19315701 0.17883242 0.19175772 0.15837013
 0.26596397 0.41268825 0.19266416 0.26609871 0.17823242 0.15784946
 0.40253837 0.38941537 0.19349271 0.26832188 0.18048018 0.18038665
 0.1673274  0.37756863 0.27056274 0.19203323 0.16745328 0.18091511
 0.36015223 0.27351558 0.19247008 0.16756113 0.18104296 0.27710515
 0.34087991 0.18674691 0.16737595 0.27611121 0.3481135  0.18575341
 0.16760921 0.18093636 0.34984869 0.27626874 0.18031431 0.17401601
 0.16788763 0.34944554 0.18143451 0.17804426 0.28058684 0.1812616
 0.16779257 0.35383641 0.1674492  0.28134112 0.35490801 0.18128088
 0.17838742 0.18189143 0.28065876 0.16762751 0.17914829 0.16773808
 0.1830985  0.28216186 0.17952353 0.17999548 0.16787517 0.18390582
 0.35593981 0.28333213 0.1789176  0.16768908 0.18419814 0.35632458
 0.282868   0.18009712 0.28335441 0.17981909 0.1677839  0.16781497
 0.2846477  0.17958466 0.3571437  0.16776216 0.28106146 0.18078882
 0.18016206 0.35500109 0.28439926 0.18121139 0.35767098 0.1812558
 0.16757791 0.34540227 0.18146899 0.18246673 0.1677237  0.28313251
 0.16780191 0.34548668 0.18248203 0.18101234 0.28186371 0.34730393
 0.18167739 0.18071927 0.1675769  0.27864439 0.1767665  0.27783292
 0.16795951 0.18125452 0.34928668 0.16057546 0.17729666 0.27924056
 0.18167654 0.28026415 0.35904699 0.182395   0.17766996 0.16063027
 0.26248387 0.35944473 0.17826706 0.17635074 0.1605754  0.16014413
 0.17916744 0.17533688 0.26204132 0.3541413  0.17173415 0.15829387
 0.35278297 0.17875052 0.26271749 0.17745944 0.17388904 0.15613653
 0.26436544 0.35365796 0.26563767 0.17609889 0.16884043 0.155846
 0.35642223 0.3411893  0.169271   0.17617497 0.26432715 0.15575774
 0.33274032 0.15573283 0.26240749 0.16855782 0.2687646  0.33033762
 0.16814798 0.15592995 0.17790016 0.16855247 0.27045578 0.3200938
 0.18045406 0.15599999 0.27065678 0.32018527 0.15559417 0.18067104
 0.16880405 0.15539923 0.2863306  0.31748885 0.16895565 0.18132627
 0.3038598  0.30343775 0.16790349 0.15528949 0.18380121 0.1690496
 0.15446386 0.30313908 0.18407095 0.3012397  0.29291862 0.16773058
 0.15467929 0.1832184  0.30582224 0.18151172 0.15751211 0.1855874
 0.34423206 0.30699082 0.15834669 0.34556654 0.1813639  0.18542525
 0.18470997 0.18128742 0.30585944 0.34961538 0.15821015 0.3431948
 0.18387939 0.15800426 0.1803611  0.33397087 0.18205808 0.30505161
 0.15780818 0.17990132 0.1805357  0.32233046 0.18116973 0.1598742
 0.30376071 0.18079478 0.30500548 0.18054742 0.32300022 0.16085375
 0.1614024  0.18344054 0.18074956 0.30155475 0.16193179 0.18096341
 0.18397023 0.3375645  0.16252816 0.30384873 0.18055567 0.34033939
 0.18363865 0.17985836 0.18334204 0.16271853 0.33816389 0.33739028
 0.18330349 0.16271159 0.18068119 0.16241861 0.33525207 0.18360025
 0.18149407 0.1619617  0.18677652 0.18308393 0.33857418 0.16157566
 0.1828461  0.34186344 0.18853344 0.18275837 0.18785363 0.33487427
 0.16126723 0.16072652 0.1833512  0.34084316 0.31947285 0.18731227
 0.31809265 0.18712984 0.18341996 0.16036038 0.3395354  0.34114749
 0.18945378 0.16008463 0.18380853 0.32033525 0.34381106 0.16011966
 0.18977013 0.18340362 0.18219101 0.15965591 0.31606147 0.18340647
 0.18400859 0.16247044 0.31746409 0.18219111 0.16259774 0.18464313
 0.3177925  0.18245515 0.16288038 0.18476566 0.32604793 0.18325136
 0.18494744 0.32923742 0.16319296 0.18235123 0.182697   0.1840202
 0.16272432 0.33089521 0.18305118 0.1625757  0.33726281 0.33391589
 0.18453444 0.33728076 0.33709634 0.16378696 0.18448088 0.18741419
 0.3306326  0.16699291 0.1850328  0.18659448 0.1670734  0.18558429
 0.18681576 0.33364584 0.16712063 0.18738499 0.18780453 0.32822739
 0.1872292  0.16697894 0.18888033 0.18931519 0.16695504 0.33443811
 0.32661553 0.18723586 0.18288898 0.32438104 0.18703509 0.16669962
 0.1803206  0.31931355 0.18778785 0.16620923 0.17960495 0.33285424
 0.18845563 0.16629427 0.33339005 0.16589668 0.18003893 0.18913207
 0.16594814 0.33348732 0.1809771  0.18995922 0.32991162 0.16524485
 0.18953811 0.17924657 0.38007359 0.3333634  0.17935436 0.19002934
 0.16544359 0.16522844 0.17936123 0.19102934 0.33471229 0.19090244
 0.17890891 0.33488385 0.38360537 0.17795818 0.19045168 0.38393092
 0.16346829 0.33607888 0.1631859  0.18965638 0.38259961 0.17904094
 0.33354144 0.33107661 0.18997716 0.163459   0.18101447 0.33412972
 0.1804247  0.16322367 0.33825833 0.16337428 0.34687261 0.16307109
 0.18004506 0.1817311  0.35319989 0.38110832 0.18207208 0.15972289
 0.16207911 0.18530551 0.18417756 0.16244163 0.32709902 0.1825632
 0.184381   0.18068425 0.16222353 0.3230477  0.18363211 0.18134797
 0.194824   0.16494682 0.33004614 0.33119515 0.16561639 0.19505353
 0.18085804 0.16615024 0.19486059 0.32922242 0.18055846 0.1947612
 0.30155263 0.18030306 0.16590468 0.18042993 0.1658713  0.30049293
 0.1942521  0.19420907 0.17999013 0.29756146 0.16575736 0.194528
 0.1807372  0.16621606 0.30012988 0.19391447 0.16637747 0.18055689
 0.28084906 0.19322031 0.16647035 0.18104011 0.27768043 0.1825087
 0.28441502 0.19378016 0.16871856 0.28024224 0.19377103 0.18210759
 0.16895388 0.1930113  0.28320383 0.18059714 0.1690358  0.20681245
 0.20319994 0.33176679 0.16952941 0.20334538 0.20742332 0.33020275
 0.16984484 0.20806986 0.20330689 0.32650614 0.16997563 0.20368006
 0.32433939 0.20883276 0.20342646 0.32030542 0.16986059 0.2082311 ]","[ 0.19181779  0.19181779  0.19181779  0.18222888  0.19181779  0.18981627
  0.26193573  0.19181779  0.1858388   0.18845944  0.86228059  0.19181779
  0.19710062  0.1954277   0.69048453  0.19181779  0.19181779  0.19181779
 -0.03461732  0.19342618  0.19181779  0.19181779 -0.10734043  0.20218235
  0.19181779  0.20006247  0.19181779  0.19181779  0.20837164 -1.10729237
  1.68256632  0.19181779  0.18845944  0.19181779  0.19181779  0.19403221
  0.19403221  0.19181779  0.19181779  0.29556801  0.19203069  0.19181779
 -0.18333548  0.19181779  0.19428377 -0.18931957  0.19181779  0.19181779
  0.19181779  1.68662436  0.19181779  0.19181779 -0.05265541  0.20837164
  0.19181779  0.19181779 -0.14522152  1.68198959  0.24016711  0.23652311
  0.19403221  0.19181779  0.23469859  0.19403221 -1.00162564  0.27233046
  0.26602152  0.19181779  0.19181779  0.26448398  0.26602152  0.19067386
  0.20619719  0.21613465  0.19403221  0.19181779  0.21613465  0.19067386
  0.20955554  0.19181779  0.31120487  0.16121727  1.45517304  0.19403221
  0.18845944  1.60678446  0.19403221  0.19181779  0.19640712  0.20640798
  0.82692935  0.18204135  0.63273353  0.19181779  0.19840864  0.65678256
  0.19181779  0.19764212  0.20643949  0.19403221  0.2226536   0.19479873
  0.19428377  0.19479873  0.19764212  0.19931504  0.24949854  0.19181779
  0.30007024  0.2586349   0.19181779  0.19479873  0.18845944  0.19181779
  0.19479873  0.19144038  0.19181779  0.19479873  0.19181779  0.19479873
  0.19181779  0.19181779  0.19181779  0.19181779  0.19181779  0.27449129
  0.19181779  0.19181779  0.23134025  0.18845944  0.18845944  0.19181779
  0.19181779  0.19181779  0.19181779  0.18845944  0.18845944  0.19181779
  0.1954277   0.19181779  0.25684301  0.31277193  0.19181779  0.19181779
  0.22133336  0.18845944  0.24801624  0.22427164  0.18845944  0.20837164
  0.19181779  0.21365448  0.28487244 -0.45356762  0.19144038  0.18845944
  0.25451415  0.19181779  0.2658501   0.26920845  0.18845944  0.18917047
  0.1954277   0.19181779  0.35646841  0.19206935  0.21741958  0.19181779
  0.31359652  0.19206935  0.31296754  0.21624639  0.33340233  0.19181779
  0.34628894  0.32608006  0.18845944  0.27374206  0.19181779  0.19720551
  0.19181779  0.27777319  0.19181779  0.19720551  0.19181779  0.19181779
  0.19720551  0.2262817   0.19720551  0.24844235  0.19720551  0.23652311
  0.26277792  0.18845944  0.19181779  0.26994575  0.18845944  0.25992544
  0.22094224  0.19181779  0.30543987  0.21895729  0.18845944  0.19645256
  0.19181779  0.19181779  0.19181779  0.21624639  0.19181779  0.19181779
  0.29921947  0.28785338  0.24016711  0.24314806  0.18845944  0.19215141
  0.18845944  0.23950405  0.19181779  0.18845944  0.19479873  0.19206935
  0.19181779  0.25684301  0.18222888  0.19460002  0.24801624  0.19181779
  0.29233714  0.24104159  0.9620412   0.19181779  0.20321625  0.20501329
 -0.63492823  0.19616669  0.29222904  0.18845944  0.25925698  0.20133373
  0.19206935  0.25205226  0.20821371  0.19181779  0.26361063  0.19181779
  0.16538075  0.19181779  0.23604655  0.2511558   0.20610834  0.49759166
  0.21617097  0.20501329  0.2262817   0.19651944  0.20610834  0.18845944
  0.27558185  0.19918856  0.26591438  1.92074318  0.20370156  0.19181779
  0.28872723  0.22124139  0.1954277   0.33332613  0.28393647  1.85468564
  0.23424813  1.94295821  0.53659775  0.42466498  0.2383201   0.19181779
  0.24429908  1.38356284  0.19181779  0.19460002  0.27806569  0.19181779
  0.26315339  0.18845944  0.4053471   0.2418923   0.38998144  0.36024784
  0.19181779  0.19181779  0.23842204  0.25051283  0.19181779  0.21904369
  1.09136678  0.19595685  0.21904369  0.19383431  0.19181779  0.28662923
  0.19181779  0.19479873  0.19047596  0.26559352  0.30811645  0.19479873
  0.19383431  0.19181779  0.21713508  1.69507657  0.23950405  0.29339363
  0.19181779  0.26008894  0.19403221  0.28785338  0.19181779  0.29435271
  0.24660393  0.32551618  0.19181779  0.81840123  0.23652311  0.31689472
  0.2783554   0.28046313  0.26884301  0.10608703  0.24801359  0.27822591
  0.19616669  0.26883105  0.27084757  0.26920845  0.32327074  0.21315371
  0.31891125  0.99304441  0.07902527  0.17543328  0.21315371  0.19681525
  0.26912606 -1.04400653  0.1934569   0.18845944  0.11201961  0.19384716
  0.16626157  0.31391378  0.19681525  0.21781858  0.19720551  0.19181779
  0.21310936  0.1934569   0.20403022  0.19181779  0.19384716  0.19706682
  0.19206935  0.19816811  0.35522931  0.20501329  0.19317462  0.20317414
  0.20042517  0.19144038  0.20533391  0.26723612  0.22593971  0.19181779
  0.20700683  0.19144038  0.1934569   0.20172399  0.23950405  0.19181779
  0.21922734 -0.06609566  0.19720551  0.19681525  0.19181779  0.19720551
  2.53711615  0.19383431  0.19479873  0.19181779  0.19181779  0.19479873
  0.20340823  0.30220041  0.84993482  0.19479873  0.19181779  0.46827822
 -0.03658099  0.20799424  0.19479873  0.29421122  0.75151099  0.72998191
  0.19181779  0.22280584  0.24884305  0.19181779  0.19181779  0.19721561
  4.40512165  4.43651277  0.19181779  0.19181779  0.19181779  0.19181779
  0.19181779  0.19181779  0.19181779  0.19181779  4.37225021  4.41738114
  0.19181779  0.19181779  0.19181779  0.2262817   0.21997217  4.32235645
  0.19181779  0.18845944  0.18845944  0.19181779  0.18845944  4.52228432
  0.19181779  0.19181779  0.18845944  0.18845944  0.25496895  0.23302422
  0.19181779  0.19181779  0.23302422  0.19317462  0.19181779  0.26900589
  5.03470053  0.23718466  0.19181779  0.19181779  0.19181779  0.19181779
  0.22544399  5.16975887  0.18845944  0.19181779  0.19181779  0.19181779
  5.09826205  5.39056939  0.19181779  0.19181779  0.18845944  0.19181779
  0.19181779  5.72675803  0.20834102  0.18845944  0.19181779  0.18845944
  5.68849755  0.23302422  0.19181779  0.19633627  0.19181779  0.20722055
  4.89408679  0.19278038  0.19633627  0.20695607  1.84727236  0.19710062
  0.19181779  0.19181779  1.90197836  0.19479873  0.19181779  0.2484963
  0.19181779  1.9474129   0.19181779  0.28487244  0.19615556  0.19181779
  0.18845944  1.94625062  0.19181779  0.20474164  1.83308485  0.19181779
  0.2658501   0.19181779  0.19479873  0.19181779  0.24016711  0.19181779
  0.19181779  0.19479873  0.18845944  0.19181779  0.19181779  0.19181779
  1.74752785  0.25363771  0.19206935  0.19181779  0.19181779  1.66747121
  0.19479873  0.19181779  0.25477671  0.1954277   0.19181779  0.18981627
  0.26584663  0.19181779  1.4518094   0.19317462  0.25656871  0.19181779
  0.19181779  1.16853692  0.22847038  0.19181779  0.97437215  0.19181779
  0.19181779  0.97215773  0.18845944  0.19181779  0.19181779  0.21043065
  0.19181779  0.97215773  0.19181779  0.19181779  0.19479873  1.02470122
  0.19181779  0.19181779  0.19181779  0.19479873  0.19181779  0.19181779
  0.20837164  0.1858388   0.98953627  0.19181779  0.19181779  0.19181779
  0.1954277   0.18845944  0.96975095  0.19181779  0.19181779  0.18845944
  0.24454835  1.00423191  0.19181779  0.19181779  0.25307697  0.19181779
  0.18845944  0.19181779  0.19181779  0.97215773  0.19181779  0.19181779
  1.02998406  0.23652311  0.20837164  0.19181779  0.19181779  0.19181779
  0.24866793  1.03904826  0.27388131  0.19181779  0.20837164  0.19984303
  1.02966725  1.03466259  0.18845944  0.19181779  0.24118933  0.21613465
  0.99250227  0.21613465  0.22463547  0.20837164  0.22463547  0.98663179
  0.19181779  0.19479873  0.18845944  0.19181779  0.21613465  0.98166577
  0.19181779  0.19479873  0.19144038  0.98663251  0.19144038  0.19181779
  0.18845944  0.19479873  0.18520983  1.27492981  0.19181779  0.19181779
  1.03648182  0.25864275  0.19181779  0.23950405  0.23652311  0.18845944
  0.19181779  0.19479873  0.19181779  0.19479873  0.97885034  0.22094224
  0.19181779  0.19181779  1.05500415  0.19181779  0.24016711  0.19181779
  0.19479873  1.30648401  0.24801359  0.21241471  0.19984303  0.19181779
  0.19181779  0.19181779  1.08881301  0.18845944  0.19181779  0.19181779
  0.19181779  0.24544995  0.24801359  0.19181779  0.19181779  1.05102791
  0.22630137  0.19984303  0.19181779  0.19181779  0.3254069   0.21336911
  1.09607775  0.19181779  0.93149534  0.21119855  0.19181779  0.24188273
  0.25591252  0.24516245  0.25496958  1.05323488  0.18219819  0.18845944
  0.21315371  0.19181779  0.19449487  1.08469086  0.19181779  0.29271892
  0.22117895  0.19181779  0.21315371  0.21286505  0.31966884  0.21241471
  0.19181779  0.2095067   0.19202069  0.18817077  0.20638917  0.19181779
  0.19206935  0.21458682  0.1858388   0.19181779  0.19681525  0.21458682
  0.20268414  0.19681525  0.46973826  0.21315371  0.25995394  0.24152058
  0.21458682  0.21218003  0.21315371  0.19383431  1.22563765  0.1954277
 -0.0973671   0.19181779  0.21315371  0.21218003  0.21336911  0.22077052
  0.19181779  0.22575295  0.19181779  1.2132307   0.1934569   0.20584074
  0.18845944  0.18845944  0.19181779  0.20174232  0.24152058  0.20008156
  0.19144038  0.19838397  0.1934569   0.18845944  0.19383431  0.19479873
  0.19383431  0.18845944  0.19383431  0.19279721  0.19383431  0.19181779
  0.19479873  0.19383431  0.19383431  0.19181779  0.18845944  0.19726472
  0.19183279  0.22829823  0.18845944  0.20676657  1.05531481  0.22829823
  0.22700258  1.0613206   0.31720495  0.27060087  0.19403221  0.18845944
  1.02245531  0.19576132  0.19403221  0.19181779  0.26498738  0.19403221
  0.1954277   0.15959316  0.33025158  0.19206935  0.20865455  0.19181779
  0.19181779  0.31698645  0.19403221  0.19403221  0.19804693  0.97215773
  0.19181779  0.19181779  0.19181779  0.2484963   0.19181779  0.23397554
  0.18845944  0.23652311  0.19181779  0.27440712  0.19181779  0.16171574
  0.19181779  0.2418785   0.26920845  0.19384716  0.19403221  0.19181779
  0.19720551  0.25832793  0.19403221  0.19181779  0.29271892  0.26431322
  0.19181779  0.23652311 -0.07565433 -0.06103442  0.18845944  0.18845944
  0.20103974  0.20409182  0.18845944  0.19181779  0.19206935  0.19181779
  0.19181779  0.19994618  0.9902771   0.19181779  0.19181779  0.98663179
  0.19144038  0.1954277   0.19840864  0.19181779  1.02947466  0.19181779
  0.1954277   0.18845944  0.19181779  0.19479873  0.19181779  0.19479873
  0.19181779  0.19479873  0.19479873  0.19181779  0.18845944  0.18845944
  0.18845944  0.19181779  0.19479873  1.14070886  0.19181779  0.19181779
  0.28642007  0.19181779  0.19181779  0.21043065  0.21365448  0.22094224
  0.19181779  0.19181779  0.19479873  0.19984303  0.19181779  0.19181779
  0.18845944  0.29121082  0.18917047  0.19181779  0.19479873  0.19181779
  0.19181779  0.26519258  0.19181779  0.19181779  0.19181779  0.19181779
  0.19181779  0.21624639  0.19479873  0.26459572  0.19181779  0.19710062
  0.19181779  0.19181779  0.24801359  0.20837164  0.19181779  0.19181779
  0.24016711  0.19181779  0.19181779  0.19181779  0.19181779  0.24016711
  0.19181779  0.18845944  0.18845944  0.18845944  0.18845944  0.19181779
  0.19181779  0.19181779  0.19181779  0.19181779  0.19181779  0.19181779
  0.19181779  0.19181779  0.23652311  0.19181779  0.19710062  0.19181779
  0.19181779  0.20837164  0.19181779  0.19181779  0.19181779  0.26920845
  0.19984303  0.18845944  0.19181779  0.29054438  0.19181779  0.18845944
  0.20501329  0.18845944  0.19181779  0.19181779  0.19181779  0.19181779]","[ 0.20941366  0.20941366  0.20941366  0.20941366  0.20941366  0.25717586
  0.3221645   0.20941366  0.20941366  0.20941366  0.18837968  0.20941366
  0.23229837  0.20941366  0.18837968  0.20941366  0.20941366  0.20941366
  0.19630525  0.25717586  0.20941366  0.20941366  0.18837968  0.22320828
  0.20941366  0.19961978  0.20941366  0.20941366  0.20941366 -0.19347866
 -0.5057694   0.20941366  0.20941366  0.20941366  0.20941366  0.19961978
  0.20941366  0.20941366  0.20941366  0.18837968  0.23300219  0.20941366
  0.19630525  0.20941366  0.20941366  0.19630525  0.20941366  0.20941366
  0.20941366  0.55156124  0.20941366  0.20941366  0.18837968  0.20941366
  0.20941366  0.20941366  0.19630525  0.56135523  0.20941366  0.20148809
  0.20941366  0.20941366  0.20941366  0.20941366 -0.08227179  0.27273357
  0.27273357  0.20941366  0.20941366  0.27273357  0.27273357  0.20941366
  0.20941366  0.27273357  0.20941366  0.20941366  0.27273357  0.20941366
  0.20941366  0.20941366  0.3221645   0.20941366  0.19630525  0.20941366
  0.20941366  0.19630525  0.20941366  0.20941366  0.25717586  0.3221645
  0.19630525  0.20941366  0.5781582   0.20941366  0.20941366  0.6680384
  0.20941366  0.20941366  0.21918996  0.20941366  0.19961978  0.20941366
  0.20941366  0.20941366  0.20941366  0.23229837  0.3221645   0.20941366
  0.31237057  0.19961978  0.20941366  0.20941366  0.20941366  0.20941366
  0.20941366  0.20941366  0.20941366  0.20941366  0.20941366  0.20941366
  0.20941366  0.20941366  0.20941366  0.20941366  0.20941366  0.23229837
  0.20941366  0.20941366  0.20941366  0.20941366  0.20941366  0.20941366
  0.20941366  0.20941366  0.20941366  0.20941366  0.20941366  0.20941366
  0.20941366  0.20941366  0.31237057  0.31237057  0.20941366  0.20941366
  0.19961978  0.20941366  0.29333776  0.23229837  0.20941366  0.20941366
  0.20941366  0.23229837  0.29333776  0.07891893  0.20941366  0.20941366
  0.20941366  0.20941366  0.20941366  0.20941366  0.20941366  0.20941366
  0.20941366  0.20941366  0.3221645   0.20941366  0.24738199  0.20941366
  0.31237057  0.20941366  0.31237057  0.23229837  0.31237057  0.20941366
  0.31237057  0.31237057  0.20941366  0.19961978  0.20941366  0.20941366
  0.20941366  0.2979908   0.20941366  0.20941366  0.20941366  0.20941366
  0.20941366  0.3221645   0.20941366  0.3221645   0.20941366  0.29333776
  0.23229837  0.20941366  0.20941366  0.3221645   0.20941366  0.31237057
  0.29333776  0.20941366  0.31237057  0.19961978  0.20941366  0.19961978
  0.20941366  0.20941366  0.20941366  0.23229837  0.20941366  0.20941366
  0.29333776  0.29333776  0.20941366  0.20941366  0.20941366  0.20941366
  0.20941366  0.29333776  0.20941366  0.20941366  0.20941366  0.20941366
  0.20941366  0.3221645   0.20941366  0.19961978  0.29333776  0.20941366
  0.31237057  0.29333776  0.810322    0.20941366  0.20941366  0.20941366
 -0.15504357  0.20941366  0.23229837  0.20941366  0.20941366  0.20941366
  0.20941366  0.3221645   0.20941366  0.20941366  0.29333776  0.20941366
  0.20941366  0.20941366  0.20941366  0.20941366  0.20941366 -0.02603914
  0.20941366  0.20941366  0.3221645   0.20941366  0.20941366  0.20941366
  0.31237057  0.20428312  0.20941366  0.19630525  0.20941366  0.20941366
  0.31237057  0.20941366  0.20941366  0.3221645   0.31237057  0.19630525
  0.20941366  0.19495544  0.5751497   0.31237057  0.20941366  0.20941366
  0.20941366  0.19630525  0.20941366  0.19961978  0.24738199  0.20941366
  0.19961978  0.20941366  0.19495544  0.20941366  0.3221645   0.31237057
  0.20941366  0.20941366  0.31237057  0.29333776  0.20941366  0.19961978
  0.19840398  0.24738199  0.19961978  0.20941366  0.20941366  0.19630525
  0.20941366  0.20941366  0.20941366  0.19630525  0.31237057  0.20941366
  0.20941366  0.20941366  0.19630525  0.11385936  0.20148809  0.29333776
  0.20941366  0.19961978  0.20941366  0.20148809  0.20941366  0.29333776
  0.18837968  0.29333776  0.20941366  0.18837968  0.29333776  0.20148809
  0.19630525  0.29561833  0.20941366 -0.18037024  0.20941366  0.19630525
  0.20941366  0.20941366  0.20941366  0.20941366  0.20148809  0.27273357
  0.29333776  0.27059567  0.29333776  0.20941366  0.27273357  0.20941366
  0.19630525  0.07891893  0.20941366  0.20941366  0.19630525  0.20941366
  0.20941366  0.29333776  0.20941366  0.19630525  0.20941366  0.20941366
  0.29333776  0.20941366  0.19630525  0.20941366  0.20941366  0.20941366
  0.20941366  0.20941366  0.19495544  0.20941366  0.25717586  0.19630525
  0.20941366  0.20941366  0.20941366  0.18837968  0.29333776  0.20941366
  0.23229837  0.20941366  0.20941366  0.20941366  0.29333776  0.20941366
  0.23229837  0.19630525  0.20941366  0.20941366  0.20941366  0.20941366
  0.50091785  0.20941366  0.20941366  0.20941366  0.20941366  0.20941366
  0.20941366  0.29333776  0.38870677  0.20941366  0.20941366  0.38870677
 -0.18037024  0.20941366  0.20941366  0.31237057  0.38870677  0.38870677
  0.20941366  0.20941366  0.31237057  0.20941366  0.20941366  0.19961978
  0.85365784  1.2003385   0.20941366  0.20941366  0.20941366  0.20941366
  0.20941366  0.20941366  0.20941366  0.20941366  1.2003385   1.2003385
  0.20941366  0.20941366  0.20941366  0.3221645   0.3221645   1.2003385
  0.20941366  0.20941366  0.20941366  0.20941366  0.20941366  1.2003385
  0.20941366  0.20941366  0.20941366  0.20941366  0.3221645   0.3221645
  0.20941366  0.20941366  0.3221645   0.25717586  0.20941366  0.31237057
  1.9462786   0.22320828  0.20941366  0.20941366  0.20941366  0.20941366
  0.19961978  1.0034447   0.20941366  0.20941366  0.20941366  0.20941366
  1.0179029   0.6712225   0.20941366  0.20941366  0.20941366  0.20941366
  0.20941366  1.0656651   0.3221645   0.20941366  0.20941366  0.20941366
  1.5145246   0.3221645   0.20941366  0.20941366  0.20941366  0.24738199
  1.594611    0.20941366  0.20941366  0.19961978  0.28950006  0.23229837
  0.20941366  0.20941366  0.27504185  0.20941366  0.20941366  0.29333776
  0.20941366  0.6818612   0.20941366  0.29333776  0.25717586  0.20941366
  0.20941366  0.7619477   0.20941366  0.19961978  0.20148809  0.20941366
  0.20941366  0.20941366  0.20941366  0.20941366  0.20941366  0.20941366
  0.20941366  0.20941366  0.20941366  0.20941366  0.20941366  0.20941366
  0.20941366  0.3221645   0.20941366  0.20941366  0.20941366  0.23229837
  0.20941366  0.20941366  0.31237057  0.20941366  0.20941366  0.25717586
  0.28819686  0.20941366  0.7060349   0.25717586  0.31237057  0.20941366
  0.20941366  0.20941366  0.19961978  0.20941366  0.20941366  0.20941366
  0.20941366  0.20941366  0.20941366  0.20941366  0.20941366  0.19961978
  0.20941366  0.20941366  0.20941366  0.20941366  0.20941366  0.20941366
  0.20941366  0.20941366  0.20941366  0.20941366  0.20941366  0.20941366
  0.20941366  0.20941366  0.20941366  0.20941366  0.20941366  0.20941366
  0.20941366  0.20941366  0.20941366  0.20941366  0.20941366  0.20941366
  0.29333776  0.23229837  0.20941366  0.20941366  0.20148809  0.20941366
  0.20941366  0.20941366  0.20941366  0.20941366  0.20941366  0.20941366
  0.23229837  0.29333776  0.20941366  0.20941366  0.20941366  0.20941366
  0.20941366  0.20941366  0.20941366  0.20941366  0.20941366  0.20941366
  0.20941366  0.4147337   0.20941366  0.20941366  0.27273357  0.27273357
  0.20941366  0.27273357  0.27273357  0.20941366  0.27273357  0.20941366
  0.20941366  0.20941366  0.20941366  0.20941366  0.27273357  0.20941366
  0.20941366  0.20941366  0.20941366  0.25717586  0.20941366  0.20941366
  0.20941366  0.20941366  0.20941366  0.7060349   0.20941366  0.20941366
  0.20148809  0.29333776  0.20941366  0.20148809  0.29333776  0.20941366
  0.20941366  0.20941366  0.20941366  0.20941366  0.20941366  0.29333776
  0.20941366  0.20941366  0.28950006  0.20941366  0.20941366  0.20941366
  0.20941366  0.4022509   0.20941366  0.20941366  0.20941366  0.20941366
  0.20941366  0.20941366  0.33726227  0.20941366  0.20941366  0.20941366
  0.20941366  0.23229837  0.20941366  0.20941366  0.20941366  0.20148809
  0.20941366  0.20941366  0.20941366  0.20941366  0.29333776  0.20941366
  0.20148809  0.20941366  0.20941366  0.20941366  0.20941366  0.20941366
  0.39184895  0.29561833  0.20941366  0.20941366  0.39184895  0.20941366
  0.27273357  0.20941366  0.39184895  0.20148809  0.20941366  0.29333776
  0.27273357  0.20941366  0.27273357  0.39184895  0.35665768  0.20941366
  0.20941366  0.39184895  0.20941366  0.20941366  0.20941366  0.20941366
  0.20941366  0.20941366  0.20941366  0.20941366  0.20941366  0.20941366
  0.20941366  0.20941366  0.52296346  0.27273357  0.19495544  0.29333776
  0.20941366  0.20941366  0.27273357  0.20941366  0.39184895  0.20941366
 -0.01657099  0.20941366  0.27273357  0.20941366  0.20941366  0.20941366
  0.20941366  0.20941366  0.20941366  0.39184895  0.20941366  0.20941366
  0.20941366  0.20941366  0.20941366  0.20941366  0.29333776  0.23229837
  0.20941366  0.20941366  0.20941366  0.20941366  0.20941366  0.20941366
  0.20941366  0.20941366  0.20941366  0.20941366  0.20941366  0.20941366
  0.20941366  0.20941366  0.20941366  0.20941366  0.20941366  0.20941366
  0.25717586  0.3221645   0.20941366  0.20941366  0.20941366  0.3221645
  0.20941366  0.20941366  0.31237057  0.31237057  0.20941366  0.20941366
  0.20941366  0.20941366  0.20941366  0.20941366  0.24738199  0.20941366
  0.20941366  0.25717586  0.31237057  0.20941366  0.20941366  0.20941366
  0.20941366  0.28950006  0.20941366  0.20941366  0.20941366  0.20941366
  0.20941366  0.20941366  0.20941366  0.29333776  0.20941366  0.20148809
  0.20941366  0.29333776  0.20941366  0.20148809  0.20941366 -0.18037024
  0.20941366  0.20941366  0.20941366  0.20941366  0.20941366  0.20941366
  0.20941366  0.20941366  0.20941366  0.20941366  0.29333776  0.20148809
  0.20941366  0.29333776 -0.18037024  0.20941366  0.20941366  0.20941366
  0.20941366  0.20941366  0.20941366  0.20941366  0.20941366  0.20941366
  0.20941366  0.20941366  0.23229837  0.20941366  0.20941366  0.20941366
  0.20941366  0.20941366  0.20941366  0.20941366  0.20148809  0.20941366
  0.20941366  0.20941366  0.20941366  0.20941366  0.20941366  0.20941366
  0.20941366  0.20941366  0.20941366  0.20941366  0.20941366  0.20941366
  0.20941366  0.20941366  0.20941366  0.20941366  0.20941366  0.20941366
  0.3221645   0.20941366  0.20941366  0.19961978  0.23229837  0.29333776
  0.20941366  0.20941366  0.20941366  0.20941366  0.20941366  0.20941366
  0.20941366  0.3221645   0.20941366  0.20941366  0.20941366  0.20941366
  0.20941366  0.24738199  0.20941366  0.20941366  0.20941366  0.20941366
  0.20941366  0.23229837  0.20941366  0.23229837  0.20941366  0.23229837
  0.20941366  0.20941366  0.20941366  0.20941366  0.20941366  0.20941366
  0.20941366  0.20941366  0.20941366  0.20941366  0.20941366  0.20941366
  0.20941366  0.20941366  0.20941366  0.20941366  0.20941366  0.20941366
  0.20941366  0.20941366  0.20941366  0.20941366  0.20941366  0.20941366
  0.20941366  0.20941366  0.29333776  0.20941366  0.23229837  0.20941366
  0.20941366  0.20941366  0.20941366  0.20941366  0.20941366  0.20941366
  0.20941366  0.20941366  0.20941366  0.27273357  0.20941366  0.20941366
  0.20941366  0.20941366  0.20941366  0.20941366  0.20941366  0.20941366]","[ 0.20353232  0.19440554  0.19440554  0.19440554  0.20353232  0.21570554
  0.10045383  0.20353232  0.19440554  0.20353232  0.90429578  0.19440554
  0.25441065  0.19440554  0.49157241  0.19440554  0.20353232  0.19440554
  0.39154602  0.21570554  0.20353232  0.20353232  0.05798893  0.30154847
  0.19440554  0.19440554  0.20353232  0.19440554  0.20353232 -0.9702411
 -0.03974752  0.20353232  0.20353232  0.20353232  0.20353232  0.19440554
  0.19440554  0.20353232  0.20353232 -0.09565192  0.21570554  0.19440554
 -0.08931032  0.20353232  0.19440554 -0.25337426  0.20353232  0.19440554
  0.19440554  0.19440554  0.19440554  0.19440554  0.22032173  0.20353232
  0.19440554  0.19440554 -0.08288613  0.19440554  0.38268329  0.25736161
  0.19440554  0.19440554  0.38268329  0.19440554 -0.31041211  0.4822745
  0.47314772  0.19440554  0.19440554  0.4822745   0.47314772  0.19440554
  0.19440554  0.46058582  0.19440554  0.19440554  0.46058582  0.19440554
  0.19440554  0.19440554  0.09132705  0.20353232  0.23153578  0.19440554
  0.19440554  0.670284    0.19440554  0.19440554  0.10045383  0.30154847
  0.32954334  0.19440554  1.64358134  0.19440554  0.20353232  1.28749443
  0.19440554  0.19440554  0.32954334  0.19440554  0.20353232  0.20353232
  0.19440554  0.20353232  0.19440554  0.19440554  0.22483232  0.19440554
  0.31067525  0.20353232  0.19440554  0.20353232  0.19440554  0.19440554
  0.20353232  0.20353232  0.19440554  0.20353232  0.19440554  0.20353232
  0.19440554  0.19440554  0.20353232  0.20353232  0.19440554  0.38268329
  0.19440554  0.19440554  0.38268329  0.19440554  0.20353232  0.19440554
  0.20353232  0.20353232  0.19440554  0.19440554  0.20353232  0.20353232
  0.19440554  0.20353232  0.09132705 -0.03974752  0.20353232  0.20353232
  0.20353232  0.20353232  0.31361595  0.25441065  0.20353232  0.20353232
  0.20353232  0.25441065  0.49276692 -0.43707132  0.20353232  0.20353232
  0.38268329  0.20353232  0.38268329  0.38268329  0.20353232  0.20353232
  0.20353232  0.20353232  0.22483232  0.20353232  0.31067525  0.20353232
  0.22483232  0.20353232  0.31067525  0.25441065  0.31067525  0.20353232
  0.22483232  0.31067525  0.20353232  0.20353232  0.20353232  0.20353232
  0.20353232  0.22483232  0.20353232  0.20353232  0.20353232  0.19440554
  0.20353232  0.3467801   0.20353232  0.3467801   0.20353232  0.24560186
  0.38268329  0.19440554  0.20353232  0.3467801   0.20353232  0.3467801
  0.31361595  0.20353232  0.3467801   0.19440554  0.20353232  0.19440554
  0.20353232  0.20353232  0.19440554  0.19552333  0.19440554  0.20353232
  0.42475283  0.43387961  0.37355651  0.38268329  0.19440554  0.20353232
  0.19440554  0.31361595  0.19440554  0.19440554  0.20353232  0.19440554
  0.20353232  0.09132705  0.20353232  0.19440554  0.31361595  0.20353232
  0.21570554  0.46750562  0.4751177   0.19440554  0.20353232  0.19440554
 -0.28318165  0.19440554  0.33931077  0.19440554  0.28843244  0.10928147
  0.19440554  0.3467801   0.10928147  0.19440554  0.17826465  0.19440554
 -0.17443311  0.19440554  0.00471787  0.37355651  0.19440554 -0.91269212
  0.19638274  0.19440554  0.3467801   0.19440554  0.19440554  0.19440554
  0.30154847  0.30188796  0.6334078   0.99446195  0.19440554  0.19440554
  0.21570554  0.45425682  0.19440554  0.21570554  0.30154847  0.670284
  0.19638274  0.670284    0.30154847  0.21570554  0.04719006  0.19440554
  0.36936658  0.01499646  0.19440554  0.19440554  0.30154847  0.19440554
  0.19440554  0.19440554  0.01499646  0.36936658  0.22483232 -0.03974752
  0.19440554  0.19440554  0.21570554  0.38891629  0.19440554  0.19440554
  0.12618611  0.3467801   0.19440554  0.20353232  0.19440554  0.21137523
  0.19440554  0.19440554  0.20353232  0.0997789  -0.03974752  0.19440554
  0.20353232  0.19440554  0.03222426  0.30154847 -0.12579509  0.56806726
  0.19440554  0.19440554  0.19440554  0.43651258  0.19440554  0.52258863
 -0.10332974  0.52258863  0.19440554  0.6668051   0.24560186  0.43651258
  0.33231567  0.46513874  0.15358233  0.16270911  0.37355651  0.71589795
  0.19440554  0.37355651  0.38268329  0.15358233  0.43651258  0.45145904
  0.53811885  0.6668051   0.42475283  0.19440554  0.45145904  0.10928147
  0.33231567 -0.51900436  0.10928147  0.19440554  0.71589795  0.19440554
  0.20353232  0.43387961  0.10928147  0.23013031  0.19440554  0.19440554
  0.43387961  0.20353232  0.0997789   0.19440554  0.19440554  0.20353232
  0.19440554  0.19440554  0.68751179  0.20353232  0.3467801   0.03222426
  0.20353232  0.20353232  0.19440554 -0.20529499  0.38891629  0.19440554
  0.18639655  0.20353232  0.20353232  0.19440554  0.24560186  0.19440554
  0.18639655  0.24107445  0.19440554  0.20353232  0.19440554  0.19440554
  0.88200658  0.20353232  0.19440554  0.19440554  0.19440554  0.19440554
  0.20353232  0.42475283 -0.16812882  0.19440554  0.20353232 -0.0911632
  0.15358233  0.19440554  0.19440554  0.22483232  0.39460444 -0.16812882
  0.19440554  0.19440554  0.31067525  0.20353232  0.19440554  0.20353232
  0.72519406  0.62674623  0.19440554  0.20353232  0.19440554  0.20353232
  0.19440554  0.20353232  0.20353232  0.19440554  0.48973933  0.62674623
  0.19440554  0.20353232  0.19440554  0.22483232  0.31067525  0.62674623
  0.19440554  0.19440554  0.20353232  0.20353232  0.20353232  0.62674623
  0.19440554  0.19440554  0.19440554  0.19440554 -0.03974752 -0.03974752
  0.19440554  0.19440554  0.21570554  0.30154847  0.19440554  0.21570554
  1.81812169  0.21570554  0.19440554  0.19440554  0.19440554  0.19440554
  0.19440554  0.27897234  0.19440554  0.19440554  0.19440554  0.19440554
  0.27897234  0.808947    0.19440554  0.20353232  0.19440554  0.19440554
  0.19440554  0.49087974 -0.03062074  0.19440554  0.19440554  0.19440554
  0.01407964  0.31067525  0.19440554  0.19440554  0.19440554 -0.03062074
  0.46927084  0.19440554  0.19440554  0.20353232  0.11233646  0.19440554
  0.19440554  0.19440554  0.11233646  0.20353232  0.19440554  0.24560186
  0.19440554  0.19210068  0.19440554  0.42475283  0.31067525  0.19440554
  0.19440554  0.21532057  0.19440554  0.20353232  0.12253685  0.19440554
  0.37355651  0.19440554  0.20353232  0.19440554  0.37355651  0.19440554
  0.19440554  0.20353232  0.19440554  0.19440554  0.19440554  0.19440554
 -0.02467044 -0.03062074  0.19440554  0.19440554  0.19440554  0.35904208
  0.20353232  0.19440554  0.22483232  0.19440554  0.19440554  0.09132705
  0.31067525  0.19440554 -0.26298232  0.3467801   0.31067525  0.19440554
  0.19440554  0.11233646  0.20353232  0.19440554  0.11233646  0.19440554
  0.19440554  0.11233646  0.19440554  0.19440554  0.19440554  0.20353232
  0.19440554  0.24268787  0.19440554  0.19440554  0.20353232  0.48939349
  0.19440554  0.19440554  0.19440554  0.20353232  0.19440554  0.20353232
  0.19440554  0.19440554  0.17323561  0.19440554  0.19440554  0.20353232
  0.19440554  0.20353232  0.29302627  0.19440554  0.19440554  0.19440554
  0.24560186  0.29302627  0.19440554  0.19440554  0.25736161  0.19440554
  0.19440554  0.19440554  0.19440554  0.33382588  0.19440554  0.19440554
  0.51297686  0.24560186  0.20353232  0.19440554  0.19440554  0.19440554
  0.38268329  0.51297686  0.38268329  0.19440554  0.19440554  0.19440554
  0.51297686  0.61256807  0.19440554  0.19440554  0.46058582  0.45145904
  0.33382588  0.45145904  0.46058582  0.19440554  0.46058582  0.16387915
  0.19440554  0.19440554  0.19440554  0.19440554  0.46058582  0.03352774
  0.19440554  0.19440554  0.20353232 -0.26298232  0.19440554  0.19440554
  0.19440554  0.19440554  0.20353232  0.24020494  0.19440554  0.19440554
  0.76089821  0.31361595  0.19440554  0.25736161  0.24560186  0.19440554
  0.19440554  0.20353232  0.19440554  0.20353232  0.20458052  0.18639655
  0.19440554  0.19440554  0.33457448  0.19440554  0.37355651  0.19440554
  0.20353232  0.10319804  0.37355651  0.20353232  0.19440554  0.19440554
  0.19440554  0.19440554  0.48170716  0.20353232  0.19440554  0.20353232
  0.19440554  0.37355651  0.37355651  0.20353232  0.19440554 -0.04136797
  0.10015469  0.19440554  0.19440554  0.20353232  0.42475283  0.10015469
  0.52093971  0.19440554  0.16270911  0.15358233  0.20353232 -0.00440892
  0.0951823   0.47314772  0.37355651  0.37355651  0.07349361  0.19440554
  0.45145904  0.20353232  0.07349361  0.03995616  0.19440554  0.49276692
  0.45145904  0.19440554  0.45145904  0.70218354  0.59235813  0.20353232
  0.19440554  0.44430946  0.19440554  0.18725596  0.20353232  0.19440554
  0.19440554  0.29593736  0.19440554  0.19440554  0.20353232  0.32432352
  0.19440554  0.20353232  1.64358134  0.45145904  0.19440554  0.38891629
  0.44513004  0.50943248  0.45145904  0.20353232  0.86037778  0.19440554
  0.16103967  0.19440554  0.45145904  0.44513004  0.20353232  0.20353232
  0.19440554  0.44513004  0.19440554  0.64591107  0.20353232  0.10236572
  0.19440554  0.19440554  0.19440554  0.19440554  0.38891629  0.19440554
  0.19440554  0.19440554  0.20353232  0.19440554  0.19440554  0.19440554
  0.20353232  0.19440554  0.19440554 -0.03974752  0.20353232  0.19440554
  0.19440554  0.20353232  0.19440554  0.19440554  0.19440554  0.19440554
  0.21570554 -0.03062074  0.19440554  0.19440554  0.4960691   0.22483232
  0.19440554  0.92179546  0.22483232  0.21570554  0.19440554  0.19440554
  0.30770183  0.19440554  0.19440554  0.19440554  0.30154847  0.19440554
  0.19440554 -0.03062074 -0.03974752  0.19440554  0.19440554  0.20353232
  0.19440554  0.19440554  0.19440554  0.19440554  0.19440554  0.10298
  0.20353232  0.19440554  0.19440554  0.31361595  0.19440554  0.18639655
  0.19440554  0.31361595  0.19440554  0.25736161  0.19440554  0.16270911
  0.19440554  0.37355651  0.16270911  0.19440554  0.19440554  0.19440554
  0.19440554  0.38268329  0.19440554  0.19440554  0.49276692 -0.12579509
  0.19440554  0.24560186  0.75736733  0.20353232  0.19440554  0.19440554
  0.19440554  0.19440554  0.19440554  0.19440554  0.20353232  0.19440554
  0.19440554  0.20353232  0.50203275  0.19440554  0.19440554  0.32638755
  0.19440554  0.20353232  0.19440554  0.19440554  0.94303072  0.19440554
  0.20353232  0.20353232  0.19440554  0.19440554  0.19440554  0.20353232
  0.19440554  0.19440554  0.20353232  0.19440554  0.20353232  0.19440554
  0.19440554  0.19440554  0.20353232  0.75955224  0.19440554  0.19440554
  0.30154847  0.19440554  0.19440554  0.19440554  0.20353232  0.24560186
  0.19440554  0.19440554  0.19440554  0.20353232  0.19440554  0.19440554
  0.19440554  0.09132705  0.20353232  0.20353232  0.19440554  0.19440554
  0.19440554  0.3467801   0.19440554  0.20353232  0.19440554  0.19440554
  0.20353232  0.18639655  0.19440554  0.36554753  0.19440554  0.20353232
  0.19440554  0.19440554  0.37355651  0.20353232  0.19440554  0.19440554
  0.37355651  0.19440554  0.20353232  0.19440554  0.19440554  0.37355651
  0.20353232  0.19440554  0.19440554  0.19440554  0.20353232  0.19440554
  0.20353232  0.19440554  0.19440554  0.20353232  0.19440554  0.19440554
  0.19440554  0.19440554  0.31361595  0.19440554  0.19440554  0.19440554
  0.19440554  0.20353232  0.19440554  0.19440554  0.19440554  0.38268329
  0.19440554  0.19440554  0.19440554  0.4822745   0.19440554  0.19440554
  0.20353232  0.19440554  0.19440554  0.20353232  0.19440554  0.19440554]"
Adjusted Closing Price RMSE,3.516349142895771,3.341108860414417,3.36464863663287,3.328238885341,3.323560640206553
Price Direction Predictions,"[ 1  1  1  1  1  1 -1 -1  1  1  1  1  1  1  1  1 -1  1  1  1 -1  1  1  1
  1  1  1  1 -1  1  1  1 -1 -1  1  1  1  1  1  1  1  1  1  1  1  1 -1  1
  1 -1  1  1  1 -1  1  1  1 -1  1  1  1  1 -1  1  1 -1  1  1  1 -1 -1  1
 -1  1  1  1  1 -1  1  1  1  1 -1 -1 -1  1  1  1  1  1  1  1  1  1  1  1
  1  1  1  1  1  1  1  1  1  1 -1  1 -1  1  1  1  1  1  1 -1  1  1  1  1
  1  1  1 -1  1 -1  1  1 -1  1 -1  1  1  1  1  1  1  1  1  1  1  1  1  1
  1  1  1  1  1  1  1  1  1  1  1  1  1  1  1  1  1  1  1  1  1  1  1  1
  1  1  1  1  1  1  1  1  1  1  1 -1  1 -1  1 -1  1  1  1  1 -1  1 -1  1
 -1  1 -1  1 -1  1 -1  1  1  1 -1  1  1  1  1  1  1 -1  1 -1  1 -1  1 -1
  1 -1  1  1  1  1  1  1  1  1  1  1  1  1  1  1 -1  1 -1  1 -1  1  1  1
  1  1  1  1  1  1  1  1  1  1 -1  1  1  1  1  1 -1  1  1  1  1 -1 -1  1
  1  1  1  1  1 -1  1 -1  1  1  1  1  1 -1  1  1  1  1  1  1 -1  1  1  1
  1  1  1  1  1  1 -1  1  1  1  1 -1  1 -1  1 -1  1 -1  1  1  1  1 -1  1
  1  1  1 -1  1  1  1  1  1  1  1 -1  1  1 -1  1  1  1  1 -1  1  1  1  1
  1  1  1  1  1  1  1  1  1  1  1  1  1  1  1  1  1  1  1  1  1  1  1  1
  1  1  1  1  1  1  1  1  1  1  1  1  1  1  1 -1  1  1  1 -1 -1  1  1 -1
 -1  1  1  1  1 -1  1  1 -1 -1  1 -1  1  1  1  1 -1  1  1  1  1  1  1  1
  1  1  1  1  1  1 -1  1  1  1  1  1  1  1  1  1  1  1  1  1  1  1  1  1
  1  1 -1  1  1  1  1  1  1  1  1  1 -1  1  1  1  1  1  1 -1  1  1  1  1
 -1 -1  1  1  1  1  1 -1  1  1  1  1 -1  1  1 -1  1  1  1  1  1  1 -1  1
  1  1 -1  1  1  1  1 -1  1  1  1  1  1 -1  1  1 -1  1  1  1  1  1  1  1
  1  1  1  1  1  1 -1  1  1  1  1 -1  1  1  1  1  1  1 -1  1 -1  1  1  1
  1 -1  1  1 -1  1  1  1  1  1  1  1  1  1  1  1 -1  1  1  1  1 -1  1 -1
 -1  1 -1 -1 -1 -1  1 -1  1  1  1 -1 -1  1  1  1 -1 -1  1 -1 -1  1 -1 -1
  1  1 -1  1 -1 -1  1 -1  1 -1  1  1  1  1  1  1  1  1 -1  1  1  1  1 -1
  1  1  1  1  1  1  1  1  1 -1 -1  1  1  1  1 -1  1  1  1  1  1  1  1  1
  1  1  1 -1 -1  1 -1  1  1  1 -1  1  1  1  1  1  1  1  1  1  1  1  1  1
  1  1  1  1  1  1  1  1  1  1  1  1  1  1  1  1  1  1  1  1  1  1  1  1
  1  1  1  1  1  1  1  1  1  1  1  1  1  1  1 -1  1  1  1 -1  1  1  1  1
  1  1  1  1  1  1  1 -1  1  1  1  1  1  1  1 -1  1  1  1 -1  1  1  1 -1
  1  1  1  1  1  1  1  1 -1  1  1  1  1  1  1  1  1  1  1  1  1  1  1  1
  1  1  1  1 -1  1  1 -1  1  1  1  1 -1  1  1  1  1  1  1  1  1  1  1  1
  1  1  1  1  1 -1  1  1  1  1  1  1  1  1  1  1  1  1  1  1  1  1  1  1
  1  1  1  1  1  1  1  1  1  1  1  1  1  1  1  1  1  1  1  1  1  1  1  1
  1  1  1  1  1  1  1  1  1  1  1  1  1  1  1  1  1  1  1  1 -1 -1  1 -1
 -1  1  1  1  1  1  1  1  1  1  1  1  1  1  1  1  1  1  1  1  1  1  1  1
 -1  1  1  1  1 -1  1  1  1 -1 -1  1  1 -1 -1  1 -1  1  1  1 -1  1  1  1
  1  1  1  1  1  1  1  1  1  1  1  1  1  1  1 -1  1  1 -1  1  1  1  1  1
  1  1  1  1  1  1]","[1 1 1 1 1 1 1 1 1 1 1 1 1 1 1 1 1 1 1 1 1 1 1 1 1 1 1 1 1 1 1 1 1 1 1 1 1
 1 1 1 1 1 1 1 1 1 1 1 1 1 1 1 1 1 1 1 1 1 1 1 1 1 1 1 1 1 1 1 1 1 1 1 1 1
 1 1 1 1 1 1 1 1 1 1 1 1 1 1 1 1 1 1 1 1 1 1 1 1 1 1 1 1 1 1 1 1 1 1 1 1 1
 1 1 1 1 1 1 1 1 1 1 1 1 1 1 1 1 1 1 1 1 1 1 1 1 1 1 1 1 1 1 1 1 1 1 1 1 1
 1 1 1 1 1 1 1 1 1 1 1 1 1 1 1 1 1 1 1 1 1 1 1 1 1 1 1 1 1 1 1 1 1 1 1 1 1
 1 1 1 1 1 1 1 1 1 1 1 1 1 1 1 1 1 1 1 1 1 1 1 1 1 1 1 1 1 1 1 1 1 1 1 1 1
 1 1 1 1 1 1 1 1 1 1 1 1 1 1 1 1 1 1 1 1 1 1 1 1 1 1 1 1 1 1 1 1 1 1 1 1 1
 1 1 1 1 1 1 1 1 1 1 1 1 1 1 1 1 1 1 1 1 1 1 1 1 1 1 1 1 1 1 1 1 1 1 1 1 1
 1 1 1 1 1 1 1 1 1 1 1 1 1 1 1 1 1 1 1 1 1 1 1 1 1 1 1 1 1 1 1 1 1 1 1 1 1
 1 1 1 1 1 1 1 1 1 1 1 1 1 1 1 1 1 1 1 1 1 1 1 1 1 1 1 1 1 1 1 1 1 1 1 1 1
 1 1 1 1 1 1 1 1 1 1 1 1 1 1 1 1 1 1 1 1 1 1 1 1 1 1 1 1 1 1 1 1 1 1 1 1 1
 1 1 1 1 1 1 1 1 1 1 1 1 1 1 1 1 1 1 1 1 1 1 1 1 1 1 1 1 1 1 1 1 1 1 1 1 1
 1 1 1 1 1 1 1 1 1 1 1 1 1 1 1 1 1 1 1 1 1 1 1 1 1 1 1 1 1 1 1 1 1 1 1 1 1
 1 1 1 1 1 1 1 1 1 1 1 1 1 1 1 1 1 1 1 1 1 1 1 1 1 1 1 1 1 1 1 1 1 1 1 1 1
 1 1 1 1 1 1 1 1 1 1 1 1 1 1 1 1 1 1 1 1 1 1 1 1 1 1 1 1 1 1 1 1 1 1 1 1 1
 1 1 1 1 1 1 1 1 1 1 1 1 1 1 1 1 1 1 1 1 1 1 1 1 1 1 1 1 1 1 1 1 1 1 1 1 1
 1 1 1 1 1 1 1 1 1 1 1 1 1 1 1 1 1 1 1 1 1 1 1 1 1 1 1 1 1 1 1 1 1 1 1 1 1
 1 1 1 1 1 1 1 1 1 1 1 1 1 1 1 1 1 1 1 1 1 1 1 1 1 1 1 1 1 1 1 1 1 1 1 1 1
 1 1 1 1 1 1 1 1 1 1 1 1 1 1 1 1 1 1 1 1 1 1 1 1 1 1 1 1 1 1 1 1 1 1 1 1 1
 1 1 1 1 1 1 1 1 1 1 1 1 1 1 1 1 1 1 1 1 1 1 1 1 1 1 1 1 1 1 1 1 1 1 1 1 1
 1 1 1 1 1 1 1 1 1 1 1 1 1 1 1 1 1 1 1 1 1 1 1 1 1 1 1 1 1 1 1 1 1 1 1 1 1
 1 1 1 1 1 1 1 1 1 1 1 1 1 1 1 1 1 1 1 1 1 1 1 1 1 1 1 1 1 1 1 1 1 1 1 1 1
 1 1 1 1 1 1 1 1 1 1 1 1 1 1 1 1 1 1 1 1 1 1 1 1 1 1 1 1 1 1 1 1 1 1 1 1 1
 1 1 1 1 1 1 1 1 1 1 1 1 1 1 1 1 1 1 1 1 1 1 1 1 1 1 1 1 1 1 1 1 1 1 1 1 1
 1 1 1 1 1 1 1 1 1 1 1 1 1 1 1 1 1 1 1 1 1 1 1 1 1 1 1 1 1 1]","[ 1  1  1  1  1  1  1  1  1  1  1  1  1  1  1  1  1  1 -1  1  1  1 -1  1
  1  1  1  1  1 -1  1  1  1  1  1  1  1  1  1  1  1  1 -1  1  1 -1  1  1
  1  1  1  1 -1  1  1  1 -1  1  1  1  1  1  1  1 -1  1  1  1  1  1  1  1
  1  1  1  1  1  1  1  1  1  1  1  1  1  1  1  1  1  1  1  1  1  1  1  1
  1  1  1  1  1  1  1  1  1  1  1  1  1  1  1  1  1  1  1  1  1  1  1  1
  1  1  1  1  1  1  1  1  1  1  1  1  1  1  1  1  1  1  1  1  1  1  1  1
  1  1  1  1  1  1  1  1  1 -1  1  1  1  1  1  1  1  1  1  1  1  1  1  1
  1  1  1  1  1  1  1  1  1  1  1  1  1  1  1  1  1  1  1  1  1  1  1  1
  1  1  1  1  1  1  1  1  1  1  1  1  1  1  1  1  1  1  1  1  1  1  1  1
  1  1  1  1  1  1  1  1  1  1  1  1  1  1  1  1  1  1 -1  1  1  1  1  1
  1  1  1  1  1  1  1  1  1  1  1  1  1  1  1  1  1  1  1  1  1  1  1  1
  1  1  1  1  1  1  1  1  1  1  1  1  1  1  1  1  1  1  1  1  1  1  1  1
  1  1  1  1  1  1  1  1  1  1  1  1  1  1  1  1  1  1  1  1  1  1  1  1
  1  1  1  1  1  1  1  1  1  1  1  1  1  1  1  1  1  1  1  1  1  1  1  1
  1  1  1  1  1  1  1 -1  1  1  1  1  1  1  1  1  1  1  1  1  1  1  1  1
  1  1  1  1  1  1  1  1  1  1  1  1  1  1  1  1  1  1  1 -1  1  1  1  1
  1  1  1  1  1  1  1  1  1  1  1  1 -1  1  1  1  1  1  1  1  1  1  1  1
  1  1  1  1  1  1  1  1  1  1  1  1  1  1  1  1  1  1  1  1  1  1  1  1
  1  1  1  1  1  1  1  1  1  1  1  1  1  1  1  1  1  1  1  1  1  1  1  1
  1  1  1  1  1  1  1  1  1  1  1  1  1  1  1  1  1  1  1  1  1  1  1  1
  1  1  1  1  1  1  1  1  1  1  1  1  1  1  1  1  1  1  1  1  1  1  1  1
  1  1  1  1  1  1  1  1  1  1  1  1  1  1  1  1  1  1  1  1  1  1  1  1
  1  1  1  1  1  1  1  1  1  1  1  1  1  1  1  1  1  1  1  1  1  1  1  1
  1  1  1  1  1  1  1  1  1  1  1  1  1  1  1  1  1  1  1  1  1  1  1  1
  1  1  1  1  1  1  1  1  1  1  1  1  1  1  1  1  1  1  1  1  1  1  1  1
  1  1  1  1  1  1  1  1  1  1  1  1  1  1  1  1  1  1  1  1  1  1  1  1
  1  1  1  1  1  1  1  1  1  1  1  1  1  1  1  1  1  1  1  1  1  1  1  1
  1  1  1  1  1  1  1  1  1  1  1  1  1  1  1  1  1  1  1  1  1  1  1  1
  1  1  1  1  1  1  1  1  1  1  1  1  1  1  1  1  1  1  1  1  1  1  1  1
  1  1  1  1  1  1  1  1  1  1  1  1 -1  1  1  1  1  1  1  1  1  1  1  1
  1  1  1  1  1  1  1  1  1  1  1  1  1  1  1  1  1  1  1  1  1  1  1  1
  1  1  1  1  1  1  1  1  1  1  1  1  1  1  1  1  1  1  1  1  1  1  1  1
  1  1  1  1  1  1  1  1  1  1  1  1  1  1  1  1  1  1  1  1  1  1  1  1
  1  1  1  1  1  1  1  1 -1 -1  1  1  1  1  1  1  1  1  1  1  1  1  1  1
  1  1  1  1  1  1  1  1  1  1  1  1  1  1  1  1  1  1  1  1  1  1  1  1
  1  1  1  1  1  1  1  1  1  1  1  1  1  1  1  1  1  1  1  1  1  1  1  1
  1  1  1  1  1  1  1  1  1  1  1  1  1  1  1  1  1  1  1  1  1  1  1  1
  1  1  1  1  1  1  1  1  1  1  1  1  1  1  1  1  1  1  1  1  1  1  1  1
  1  1  1  1  1  1]","[ 1  1  1  1  1  1  1  1  1  1  1  1  1  1  1  1  1  1  1  1  1  1  1  1
  1  1  1  1  1 -1 -1  1  1  1  1  1  1  1  1  1  1  1  1  1  1  1  1  1
  1  1  1  1  1  1  1  1  1  1  1  1  1  1  1  1 -1  1  1  1  1  1  1  1
  1  1  1  1  1  1  1  1  1  1  1  1  1  1  1  1  1  1  1  1  1  1  1  1
  1  1  1  1  1  1  1  1  1  1  1  1  1  1  1  1  1  1  1  1  1  1  1  1
  1  1  1  1  1  1  1  1  1  1  1  1  1  1  1  1  1  1  1  1  1  1  1  1
  1  1  1  1  1  1  1  1  1  1  1  1  1  1  1  1  1  1  1  1  1  1  1  1
  1  1  1  1  1  1  1  1  1  1  1  1  1  1  1  1  1  1  1  1  1  1  1  1
  1  1  1  1  1  1  1  1  1  1  1  1  1  1  1  1  1  1  1  1  1  1  1  1
  1  1  1  1  1  1  1  1  1  1  1  1  1  1  1  1  1  1 -1  1  1  1  1  1
  1  1  1  1  1  1  1  1  1  1  1 -1  1  1  1  1  1  1  1  1  1  1  1  1
  1  1  1  1  1  1  1  1  1  1  1  1  1  1  1  1  1  1  1  1  1  1  1  1
  1  1  1  1  1  1  1  1  1  1  1  1  1  1  1  1  1  1  1  1  1  1  1  1
  1  1  1  1  1  1  1  1  1  1  1  1  1  1  1 -1  1  1  1  1  1  1  1  1
  1  1  1  1  1  1  1  1  1  1  1  1  1  1  1  1  1  1  1  1  1  1  1  1
  1  1  1  1  1  1  1  1  1  1  1  1  1  1  1  1  1  1  1  1  1  1  1  1
  1  1  1  1  1  1  1  1  1  1  1  1 -1  1  1  1  1  1  1  1  1  1  1  1
  1  1  1  1  1  1  1  1  1  1  1  1  1  1  1  1  1  1  1  1  1  1  1  1
  1  1  1  1  1  1  1  1  1  1  1  1  1  1  1  1  1  1  1  1  1  1  1  1
  1  1  1  1  1  1  1  1  1  1  1  1  1  1  1  1  1  1  1  1  1  1  1  1
  1  1  1  1  1  1  1  1  1  1  1  1  1  1  1  1  1  1  1  1  1  1  1  1
  1  1  1  1  1  1  1  1  1  1  1  1  1  1  1  1  1  1  1  1  1  1  1  1
  1  1  1  1  1  1  1  1  1  1  1  1  1  1  1  1  1  1  1  1  1  1  1  1
  1  1  1  1  1  1  1  1  1  1  1  1  1  1  1  1  1  1  1  1  1  1  1  1
  1  1  1  1  1  1  1  1  1  1  1  1  1  1  1  1  1  1  1  1  1  1  1  1
  1  1  1  1  1  1  1  1  1  1  1  1  1  1  1  1  1  1  1  1  1  1  1  1
  1  1  1  1  1  1  1  1  1  1  1  1  1  1  1  1  1  1  1  1  1  1  1  1
  1  1  1  1  1  1  1  1  1  1  1  1  1  1  1  1  1  1  1  1  1  1  1  1
  1  1  1  1  1  1  1  1  1  1  1  1  1  1  1  1  1  1  1  1  1  1  1  1
  1  1  1  1  1  1  1  1  1  1  1  1 -1  1  1  1  1  1  1  1  1  1  1  1
  1  1  1  1  1  1  1  1  1  1  1  1  1  1  1  1  1  1  1  1  1  1  1  1
  1  1  1  1  1  1  1  1  1  1  1  1  1  1  1  1  1  1  1  1  1  1  1  1
  1  1  1  1  1  1  1  1  1  1  1  1  1  1  1  1  1 -1  1  1  1  1  1  1
  1  1  1  1  1  1  1  1 -1  1  1  1  1  1  1  1  1  1  1  1  1  1  1  1
  1  1  1  1  1  1  1  1  1  1  1  1  1  1  1  1  1  1  1  1  1  1  1  1
  1  1  1  1  1  1  1  1  1  1  1  1  1  1  1  1  1  1  1  1  1  1  1  1
  1  1  1  1  1  1  1  1  1  1  1  1  1  1  1  1  1  1  1  1  1  1  1  1
  1  1  1  1  1  1  1  1  1  1  1  1  1  1  1  1  1  1  1  1  1  1  1  1
  1  1  1  1  1  1]","[ 1  1  1  1  1  1  1  1  1  1  1  1  1  1  1  1  1  1  1  1  1  1  1  1
  1  1  1  1  1 -1 -1  1  1  1  1  1  1  1  1 -1  1  1 -1  1  1 -1  1  1
  1  1  1  1  1  1  1  1 -1  1  1  1  1  1  1  1 -1  1  1  1  1  1  1  1
  1  1  1  1  1  1  1  1  1  1  1  1  1  1  1  1  1  1  1  1  1  1  1  1
  1  1  1  1  1  1  1  1  1  1  1  1  1  1  1  1  1  1  1  1  1  1  1  1
  1  1  1  1  1  1  1  1  1  1  1  1  1  1  1  1  1  1  1  1  1 -1  1  1
  1  1  1  1  1  1  1  1  1 -1  1  1  1  1  1  1  1  1  1  1  1  1  1  1
  1  1  1  1  1  1  1  1  1  1  1  1  1  1  1  1  1  1  1  1  1  1  1  1
  1  1  1  1  1  1  1  1  1  1  1  1  1  1  1  1  1  1  1  1  1  1  1  1
  1  1  1  1  1  1  1  1  1  1  1  1  1  1  1  1  1  1 -1  1  1  1  1  1
  1  1  1  1  1  1 -1  1  1  1  1 -1  1  1  1  1  1  1  1  1  1  1  1  1
  1  1  1  1  1  1  1  1  1  1  1  1  1  1  1  1  1  1  1  1  1  1  1 -1
  1  1  1  1  1  1  1  1  1  1  1  1  1  1  1  1 -1  1  1  1  1  1 -1  1
  1  1  1  1  1  1 -1  1  1  1  1  1  1  1  1  1  1  1  1  1  1  1  1  1
  1  1  1  1  1  1  1 -1  1  1  1  1  1  1  1  1  1  1  1  1  1  1  1  1
  1  1  1  1  1  1  1  1  1 -1  1  1  1  1  1  1  1  1  1  1  1  1  1  1
  1  1  1  1  1  1  1  1 -1  1  1 -1  1  1  1  1  1 -1  1  1  1  1  1  1
  1  1  1  1  1  1  1  1  1  1  1  1  1  1  1  1  1  1  1  1  1  1  1  1
  1  1  1  1 -1 -1  1  1  1  1  1  1  1  1  1  1  1  1  1  1  1  1  1  1
  1  1  1  1  1  1  1  1 -1  1  1  1  1  1  1  1  1 -1  1  1  1  1  1  1
  1  1  1  1  1  1  1  1  1  1  1  1  1  1  1  1  1  1  1  1  1  1  1  1
  1  1  1  1  1  1 -1 -1  1  1  1  1  1  1  1  1  1  1  1  1 -1  1  1  1
  1  1  1  1  1  1  1  1  1  1  1  1  1  1  1  1  1  1  1  1  1  1  1  1
  1  1  1  1  1  1  1  1  1  1  1  1  1  1  1  1  1  1  1  1  1  1  1  1
  1  1  1  1  1  1  1  1  1  1  1  1  1  1  1  1  1  1  1  1  1  1  1  1
  1  1  1  1  1  1  1  1  1 -1  1  1  1  1  1  1  1  1  1  1  1  1  1  1
  1  1  1  1  1  1  1  1  1  1  1  1  1  1  1  1  1  1  1  1  1  1  1  1
  1  1  1  1  1 -1  1  1  1  1  1  1  1  1  1  1  1 -1  1  1  1  1  1  1
  1  1  1  1  1  1  1  1  1  1  1  1  1  1  1  1  1  1  1  1  1  1  1  1
  1  1  1  1  1  1  1  1  1  1  1  1  1  1  1  1  1  1  1  1  1  1  1  1
  1  1  1  1  1  1  1  1  1  1  1  1  1  1  1 -1  1  1  1  1  1  1  1  1
  1 -1  1  1  1  1  1  1  1  1  1  1  1  1  1  1  1  1  1 -1 -1  1  1  1
  1  1  1  1  1  1  1  1  1  1  1  1  1  1  1  1  1  1  1  1  1  1  1  1
  1  1  1  1  1 -1  1  1  1  1  1  1  1  1  1  1  1  1  1  1  1  1  1  1
  1  1  1  1  1  1  1  1  1  1  1  1  1  1  1  1  1  1  1  1  1  1  1  1
  1  1  1  1  1  1  1  1  1  1  1  1  1  1  1  1  1  1  1  1  1  1  1  1
  1  1  1  1  1  1  1  1  1  1  1  1  1  1  1  1  1  1  1  1  1  1  1  1
  1  1  1  1  1  1  1  1  1  1  1  1  1  1  1  1  1  1  1  1  1  1  1  1
  1  1  1  1  1  1]"
Price Direction Accuracy,0.528322440087146,0.5228758169934641,0.5250544662309368,0.5228758169934641,0.5315904139433552
Matthews Correlation Coefficient,0.03494666226165813,0.0,0.022765469034354634,0.00480638655947451,0.054195645746610385
Adjusted Closing Price RMSE AAPL,2.226710785045117,2.277794036326302,2.255369107969006,2.257762138350051,2.254662302810153
Price Direction Accuracy AAPL,0.5541666666666667,0.48333333333333334,0.48333333333333334,0.4791666666666667,0.475
Matthews Correlation Coefficient AAPL,0.15310085503121645,0.0,-0.003057360662539334,-0.04127616060761087,-0.052642933352675406
Adjusted Closing Price RMSE KO,1.160244689818378,1.1545697374564008,1.1535096244347471,1.1563193543833274,1.150998635984741
Price Direction Accuracy KO,0.5625,0.55,0.55,0.55,0.55
Matthews Correlation Coefficient KO,0.08070002078437537,0.0,0.0,0.0,0.0
Adjusted Closing Price RMSE TSLA,8.787415639921916,8.097772216073903,8.168447850316868,8.056024321646962,8.034786483604822
Price Direction Accuracy TSLA,0.37142857142857144,0.5047619047619047,0.5333333333333333,0.5142857142857142,0.580952380952381
Matthews Correlation Coefficient TSLA,-0.26440136032562617,0.0,0.09655788143877608,0.04685307300409901,0.21604746145620388
Adjusted Closing Price RMSE V,1.9768043845021648,2.036247873333169,2.043099095933274,2.04035496234074,2.0454727060266618
Price Direction Accuracy V,0.5089820359281437,0.49700598802395207,0.49700598802395207,0.49700598802395207,0.5209580838323353
Matthews Correlation Coefficient V,0.02413206658025976,0.0,0.0,0.0,0.12754420800248595
Adjusted Closing Price RMSE XOM,2.1946761130225707,2.219151396398157,2.2593785477496406,2.228635531169975,2.236959675408204
Price Direction Accuracy XOM,0.5609756097560976,0.5691056910569106,0.5650406504065041,0.5691056910569106,0.5609756097560976
Matthews Correlation Coefficient XOM,-0.046964031771498764,0.0,-0.021890303443437283,0.012634325327598006,-0.0311504478990699
