Date,Open,High,Low,Close,Adj Close,Volume,sma_5,sma_20,sma_50,ema_12,ema_26,macd,macd_signal,macd_hist,rsi,lowest_low,highest_high,stoch_k,stoch_d,bb_middle,bb_upper,bb_lower,atr,daily_ret,obv,vwap,roc_5,roc_20,price_volatility,volume_volatility,prophet_predicted_price,llama_sentiment,llama_sentiment_confidence,gemini_sentiment,gemini_sentiment_confidence
2020-01-06,70.31999969482422,71.36000061035156,70.2300033569336,70.87000274658203,61.14901351928711,20081900,,,,70.14265825968741,69.96959047453653,0.1730677851508772,0.0641067207914703,0.1089610643594069,,,,,,,,,,0.0076781018266502,15151400,70.49980791644285,,,,,,1,0.91357421875,1,0.999059724230568
2020-01-07,70.5,70.5199966430664,69.51000213623047,70.29000091552734,60.64857482910156,17387700,70.43400115966797,,,70.16532636058587,69.9933245812766,0.1720017793092694,0.0856857324950301,0.0863160468142392,,,,,,,,,,-0.0081840243908084,-2236300,70.45447050525733,,,,,,1,0.76611328125,0,0.9802021682602192
2020-01-08,70.11000061035156,70.29000091552734,69.16999816894531,69.2300033569336,59.73397064208984,15137700,70.32400207519531,,,70.02143051387013,69.9367822683623,0.0846482455078359,0.0854782350975913,-0.0008299895897554,,,,,,,,,,-0.0150803463478059,-17374000,70.26058817227009,-0.7881849125604412,,,,,1,0.708984375,0,0.8238764574874616
2020-01-09,69.13999938964844,69.9000015258789,68.62999725341797,69.76000213623047,60.19126510620117,14811800,70.09600219726562,,,69.98121076346403,69.92368744375993,0.0575233197041029,0.0798872520188936,-0.0223639323147907,,,,,,,,,,0.0076556226144368,-2562200,70.19343575665134,-1.6078975530519957,,,,,1,0.97900390625,1,0.9999992847883448
2020-01-10,69.93000030517578,69.95999908447266,69.12000274658203,69.13999938964844,59.65631103515625,11995600,69.85800170898438,,,69.85179362903087,69.86563647678871,-0.0138428477578429,0.0611412320635463,-0.0749840798213893,,,,,,,,,,-0.0088876537786117,-14557800,70.09020381538504,-1.6920267459467064,,,,67.19983173845816,0,0.53515625,0,0.9999953509740246
2020-01-13,69.19999694824219,69.87000274658203,69.11000061035156,69.80000305175781,60.22578430175781,9953900,69.64400177001953,,,69.84382584791193,69.86077474160123,-0.0169488936893031,0.0455232069129764,-0.0624721006022796,,,,,,,,,,0.0095459020528743,-4603900,70.068380389619,-1.5098061991761669,,,,122.39194334517312,0,0.93310546875,0,0.999997377555729
2020-01-14,69.37999725341797,69.58000183105469,68.88999938964844,69.19999694824219,59.70808410644531,16261000,69.4260009765625,,,69.74477524796274,69.81182823838945,-0.0670529904267169,0.0230079674450377,-0.0900609578717547,,,,,,,,,,-0.0085960756057662,-20864900,69.97337072339104,-1.5507240760959662,,,,67.67834818217983,0,0.658203125,0,0.9999982118117786
2020-01-15,69.19999694824219,69.58999633789062,68.88999938964844,69.08999633789062,59.613162994384766,11390300,69.3979995727539,,,69.64404003102857,69.75835920872287,-0.1143191776942984,-0.0044574615828294,-0.1098617161114689,,,,,,,,,,-0.0015896042659342,-32255200,69.9104897480877,-0.2022345980847717,,,,68.51809880847844,1,0.55810546875,0,0.9999505326171028
2020-01-16,69.30000305175781,69.58000183105469,68.80000305175781,68.81999969482422,59.38019943237305,13340300,69.20999908447266,,,69.51726459468944,69.68885109658223,-0.17158650189279,-0.0378832696448215,-0.1337032322479684,,,,,,,,,,-0.003907897776488,-45595500,69.82657270339652,-1.3474805226791342,,,,70.20608924945476,0,0.73388671875,0,0.9999847394647357
2020-01-17,68.75,69.08000183105469,68.29000091552734,68.55999755859375,59.15586853027344,18144100,69.09399871826172,,,69.3699927429824,69.60523231599049,-0.2352395730080871,-0.0773545303174747,-0.1578850426906124,,,,,,,,,,-0.0037780025774981,-63739600,69.70656780476595,-0.8388802953063434,,,,71.75160612720865,0,0.515625,0,0.9999957083847452
2020-01-21,68.37999725341797,68.41999816894531,67.51000213623047,67.58000183105469,58.31028747558594,17982600,68.64999847412109,,,69.09460952576275,69.45521524303228,-0.3606057172695358,-0.1340047677078869,-0.2266009495616489,36.07598481848822,67.51000213623047,71.37000274658203,1.8134633097336037,,,,,0.9964283534458706,-0.0142939872000654,-81722200,69.5240166295869,-3.180517369113811,,,,64.96960732207732,1,0.89453125,0,0.5312073677739708
2020-01-22,67.55999755859375,67.69999694824219,67.0,67.19000244140625,57.97378158569336,17033100,68.24799957275391,,,68.80159305124636,69.2874217021711,-0.4858286509247449,-0.2043695443512585,-0.2814591065734864,34.37880779099346,67.0,71.37000274658203,4.347879221697496,,,,,0.989999498639788,-0.0057709289594783,-98755300,69.34850737184337,-2.904616467453469,,,,71.45915475623212,1,0.9423828125,0,0.9999814040257784
2020-01-23,66.70999908447266,66.93000030517578,66.05000305175781,66.7699966430664,57.61138916015625,19605900,67.78399963378907,,,68.48903975768022,69.10094577186705,-0.6119060141868289,-0.2858768383183726,-0.3260291758684562,22.79315828305714,66.05000305175781,71.37000274658203,13.533714898688231,6.56501914337311,,,,0.9828567504882812,-0.0062510162684711,-118361200,69.14310424290545,-3.357938656528592,,,,65.61412668624894,1,0.6650390625,0,0.9999065526871954
2020-01-24,66.54000091552734,66.68000030517578,66.04000091552734,66.31999969482422,57.22311019897461,18238600,67.28399963378907,,,68.1553412864716,68.89494976616017,-0.7396084796885702,-0.3766231665924122,-0.362985313096158,23.15932138301251,66.04000091552734,71.36000061035156,5.263135251103179,7.714909790496303,,,,0.948570796421596,-0.0067395083250901,-136599800,68.94833365537758,-3.632664939096209,,,,66.22179309195533,1,0.986328125,1,0.9999779481725828
2020-01-27,65.41999816894531,65.7300033569336,64.69999694824219,64.73999786376953,55.859840393066406,21231000,66.51999969482422,,,67.62990383682512,68.58717555116827,-0.9572717143431504,-0.4927528761425598,-0.4645188382005905,13.983561408038554,64.69999694824219,70.5199966430664,0.6873009901171807,6.494717046636197,,,,0.9835711887904576,-0.023823911916845,-157830800,68.6354831022024,-5.57176171361371,,,,59.85533667029171,1,0.92626953125,0,0.9999945167951672
2020-01-28,65.11000061035156,65.19999694824219,64.62999725341797,64.6500015258789,55.782188415527344,19664700,65.93399963378906,,,67.17145732744878,68.29553303077647,-1.1240757033276907,-0.619017441579586,-0.5050582617481046,14.83792777383519,64.62999725341797,70.29000091552734,0.3534321469587582,2.1012894627263727,,,,0.9271425519670758,-0.0013901195684312,-177495500,68.3787363739591,-4.335602583291697,,,,67.54271926956852,1,0.5078125,0,0.9999988079489696
2020-01-29,65.02999877929688,65.12999725341797,63.900001525878906,64.11000061035156,55.31625747680664,14202800,65.31799926757813,68.35650024414062,,66.7004639863569,67.98549359222648,-1.2850296058695818,-0.7522198744375852,-0.5328097314319966,15.866683078325307,63.900001525878906,69.95999908447266,3.465332823028191,1.5020219867013769,68.35650024414062,72.5331444294487,64.17985605883254,0.9349991934640068,-0.0083526821776049,-191698300,68.18895248585808,-4.584018037118898,,2.088322092654042,3211291.5838163113,64.54491008026002,0,0.6328125,0,0.9997462555863348
2020-01-30,63.77999877929688,64.87999725341797,63.43000030517578,64.79000091552734,55.90298843383789,18544700,64.92200012207032,68.10700035095215,,66.40654659084466,67.7487904309895,-1.342243840144846,-0.8702246675790374,-0.4720191725658086,17.516370766189752,63.43000030517578,69.95999908447266,20.82696576702886,8.21524357900527,68.10700035095215,72.51534792388712,63.69865277801718,0.9478558131626674,0.0106067742739341,-173153600,68.0024672342971,-2.9653973746974427,-7.1510432087454,2.204173786467486,3188274.6255450984,64.68367059456968,0,0.76318359375,0,0.9999972583629028
2020-01-31,63.20000076293945,63.20000076293945,61.86000061035156,62.119998931884766,53.59921646118164,34282900,64.08199996948242,67.66800022125244,,65.74707772023544,67.3318429125373,-1.5847651923018589,-1.0131327725236017,-0.5716324197782572,13.814461937416212,61.86000061035156,69.87000274658203,3.2459207514713486,9.179406447176133,67.66800022125244,72.62036632644431,62.71563411606057,1.0971418108258928,-0.0412100933155364,-207436500,67.46076479296032,-6.332932421993409,-12.383642320218268,2.4761830525959367,5028530.693937188,63.50920794705666,1,0.89892578125,0,0.999997019936138
2020-02-03,61.380001068115234,61.41999816894531,60.369998931884766,60.72999954223633,52.39987564086914,27389300,63.28000030517578,67.18800010681153,,64.97521953900481,66.8428174777002,-1.8675979386953827,-1.184025805757958,-0.6835721329374247,6.519655192466587,60.369998931884766,69.58999633789062,3.9045630329251497,9.325816517141789,67.18800010681153,72.86231465096529,61.51368556265777,1.167855943952288,-0.0223760369212592,-234825800,66.99951265389319,-6.194004408173326,-13.64993891494457,2.83715727207688,5508570.632490027,55.8665380064554,0,0.96630859375,0,0.9999996423941084
2020-02-04,61.45000076293945,61.90999984741211,59.88999938964844,59.970001220703125,51.74412536621094,31922100,62.344000244140624,66.64300003051758,,64.20518595157378,66.33371997718189,-2.128534025608104,-1.3729274497279873,-0.7556065758801169,6.421157132441721,59.88999938964844,69.58999633789062,0.8247614043753412,2.6584150629239476,66.64300003051758,72.892911678918,60.39308838211717,1.2471414293561662,-0.0125143804917147,-266747900,66.47959079408126,-7.2389794195169666,-15.38027529765349,3.124955824200205,6336837.857652995,61.00859995954994,0,0.7275390625,0,0.9999994039743072
2020-02-05,60.75,62.93000030517578,60.59999847412109,62.72999954223633,54.12554168701172,32099200,62.06800003051758,66.26499996185302,,63.9782341962911,66.06677772274148,-2.08854352645038,-1.516050665072466,-0.5724928613779139,25.98187441745887,59.88999938964844,69.58000183105469,29.308559721846045,11.34596138638218,66.26499996185302,72.50063449232506,60.02936543138099,1.4085701533726285,0.0460229825805036,-234648700,66.22002676583428,-2.152551949738102,-10.755443555017765,3.117817265236017,7026309.727213626,61.170967805909854,1,0.52685546875,0,0.9999976158993604
2020-02-06,62.93000030517578,63.0099983215332,61.77999877929688,61.880001068115234,53.39214324951172,16055400,61.48600006103515,65.8974998474121,,63.65542909964866,65.75664611869509,-2.1012170190464303,-1.6330839358672589,-0.4681330831791714,24.891459133180177,59.88999938964844,69.08000183105469,21.653984219859332,17.26243511536024,65.8974998474121,72.26238292768993,59.532616767134286,1.44071306501116,-0.0135501112756869,-250704100,66.07478319799041,-4.491433564271963,-10.616787422244478,3.182441540138912,7001601.976636263,60.070722932160706,1,0.97412109375,1,0.9999977350503926
2020-02-07,61.40999984741211,61.65999984741211,61.060001373291016,61.470001220703125,53.03837585449219,15112500,61.35600051879883,65.48299980163574,,63.31920942596473,65.43911686699198,-2.1199074410272516,-1.7304486368992575,-0.389458804127994,24.62419616891717,59.88999938964844,68.41999816894531,18.522884609192484,23.161809516965956,65.48299980163574,71.86848273471456,59.09751686855693,1.442855834960937,-0.0066257246337276,-265816600,65.93415922957291,-1.0463582137120953,-11.883601865920612,3.1927414665394065,6991982.329707889,65.27564975384115,0,0.880859375,0,0.9999976158993604
2020-02-10,60.47999954223633,60.52000045776367,59.619998931884766,59.959999084472656,52.47823715209961,20934500,61.20200042724609,65.02399978637695,,62.80240783496595,65.03325629050907,-2.230848455543125,-1.8305286006280312,-0.4003198549150937,23.72412846006196,59.619998931884766,67.69999694824219,4.207923713589815,14.794930847547214,65.02399978637695,71.61896810801112,58.42903146474278,1.499999182564871,-0.0245648626361487,-286751100,65.69168856115594,-1.2679078932450127,-13.27740871595987,3.297484160817086,6788442.906531425,67.76113373767303,1,0.998046875,1,0.9999990462097232
2020-02-11,60.58000183105469,60.88999938964844,60.16999816894531,60.52999877929688,52.97710800170898,14908700,61.31399993896484,64.56049957275391,,62.452806441786095,64.69968166004891,-2.246875218262815,-1.913797924154988,-0.333077294107827,27.31606429271932,59.619998931884766,66.93000030517578,12.448695984340532,11.726501435707611,64.56049957275391,71.04422531983691,58.07677382567092,1.5164279937744136,0.0095063326138682,-271842400,65.54668571316324,0.9337961433965036,-13.28080783261152,3.2418628735414967,6499479.983107554,59.940651350912646,1,0.951171875,1,0.9999976158993604
2020-02-12,61.34000015258789,61.52999877929688,60.560001373291016,61.27000045776367,53.62477493286133,17862100,61.02200012207031,64.16399974822998,,62.27083629039803,64.44563120062037,-2.1747949102223387,-1.9659973213684585,-0.2087975888538804,31.666674719918504,59.619998931884766,66.68000030517578,23.37112188279588,13.342580526908742,64.16399974822998,70.41896879165924,57.90903070480073,1.5064280373709538,0.0122253707812711,-253980300,65.40743156268556,-2.3274335965675186,-11.45953300606316,3.1274845217146283,6461827.468856093,59.244752366111584,0,0.81982421875,0,0.999997019936138
2020-02-13,61.060001373291016,61.41999816894531,60.560001373291016,60.93000030517578,53.32720184326172,16949400,60.831999969482425,63.75599994659424,,62.06455383113307,64.1852140972541,-2.1206602661210354,-1.9969299103189737,-0.1237303558020617,31.900605740133287,59.619998931884766,65.7300033569336,21.44026881421689,19.0866955604511,63.75599994659424,69.71561954715968,57.7963803460288,1.5157138279506133,-0.0055492108706979,-270929700,65.27323662533503,-1.5352306828400497,-11.81067660332138,2.979809800282718,6185780.822811975,61.09363934270638,1,0.82177734375,1,0.9982173784553392
2020-02-14,61.150001525878906,61.15999984741211,60.27999877929688,60.650001525878906,53.08213424682617,10855300,60.668000030517575,63.347500038146975,,61.846930399555504,63.92334649937446,-2.0764160998189567,-2.0128271482189706,-0.0635889515999861,34.95218013235515,59.619998931884766,65.19999694824219,18.45883441131612,21.090075036109628,63.347500038146975,68.95523439079248,57.739765685501474,1.4628565652029846,-0.0045954173296317,-281785000,65.18616367173107,-1.3339835343098128,-11.87154636032316,2.8038671763227514,6355050.603423935,61.13939571540648,1,0.93701171875,1,0.9999952318244132
2020-02-18,60.150001525878906,60.38999938964844,59.45000076293945,59.880001068115234,52.40822219848633,18948500,60.652000427246094,62.913500213623045,,61.54432588702623,63.623839430392295,-2.079513543366062,-2.0261644272483887,-0.0533491161176731,33.28661420901172,59.45000076293945,65.12999725341797,7.570432585594002,15.823178603709003,62.913500213623045,68.15419228241488,57.67280814483121,1.50785664149693,-0.0126958027764454,-300733500,65.01727405590654,-0.1334189752817072,-12.660438739164617,2.620346034395919,6344217.381229102,60.958075669537614,0,0.73681640625,0,0.9999976158993604
2020-02-19,60.11000061035156,60.619998931884766,59.83000183105469,60.34000015258789,52.810813903808594,12804900,60.614000701904295,62.551500129699704,,61.35904500480495,63.38059207648086,-2.0215470716759114,-2.0252409561338935,0.0036938844579821,36.71599428252365,59.45000076293945,64.87999725341797,16.390422925853617,14.139896640921243,62.551500129699704,67.42211745711282,57.68088280228659,1.4764281681605738,0.0076820153017265,-287928600,64.91878810558197,-0.3138916744435449,-10.713230959309971,2.4353086637065555,6541654.0313513,59.45663785503477,1,0.59228515625,0,0.9999949935065884
2020-02-20,60.22999954223633,60.540000915527344,59.720001220703125,59.86000061035156,52.390716552734375,14817200,60.332000732421875,62.185000038146974,,61.12842279027366,63.11980752343425,-1.9913847331605865,-2.018469711539232,0.0270849783786455,32.380267841415446,59.45000076293945,63.20000076293945,10.933329264322916,11.631394925256847,62.185000038146974,66.67418838555142,57.69581169074253,1.4314283643450043,-0.007954914501533,-302745800,64.79846112625036,-2.3012891086627074,-10.909363840917983,2.2445941737022235,6611731.200738258,59.4427482144073,0,0.70263671875,0,0.9999858143543224
2020-02-21,59.5099983215332,59.5099983215332,58.790000915527344,59.130001068115234,51.751800537109375,20315700,59.97200088500976,61.80300025939941,,60.82097329455698,62.82426630452173,-2.00329300996475,-2.0154343712243357,0.0121413612595855,37.59336514675985,58.790000915527344,63.0099983215332,8.056880606229893,11.79354426546881,61.80300025939941,65.93549549920309,57.67050501959573,1.2985711778913216,-0.0121951141796361,-323061500,64.61943764508985,-2.954208481938314,-11.442258438011365,2.0662476199018394,6612418.065227129,60.12408894054134,0,0.95849609375,0,0.9999992847883448
2020-02-24,57.619998931884766,57.79999923706055,56.36000061035156,56.36000061035156,49.32744216918945,32096600,59.114000701904295,61.30500030517578,,60.13466980467922,62.345431808657274,-2.2107620039780542,-2.0544998977750795,-0.1562621062029747,33.73045393205064,56.36000061035156,63.0099983215332,0.0,6.330069956850937,61.30500030517578,65.54468965576251,57.06531095458905,1.3714283534458696,-0.0468459395861121,-355158100,64.2269047958325,-7.073373137009453,-15.018092777901447,2.1198446752933657,7139012.370944595,58.11816322336608,1,0.9970703125,1,0.9912869779410738
2020-02-25,56.75,56.75,53.970001220703125,54.20000076293945,47.43696212768555,36414500,57.97800064086914,60.77800045013428,,59.22164379825771,61.74206654601151,-2.5204227477537913,-2.147684467770822,-0.3727382799829692,30.546186009602337,53.970001220703125,63.0099983215332,2.544243539803889,3.533708048677928,60.77800045013428,65.77290987607421,55.78309102419435,1.4257139478410985,-0.0383250501068196,-391572600,63.713924653177486,-9.485638282996378,-16.28050270098723,2.497454712969964,7973772.52236487,57.3100333782471,0,0.68212890625,0,0.9999992847883448
2020-02-26,54.54999923706055,54.81999969482422,52.93000030517578,53.0099983215332,46.395450592041016,29801000,56.512000274658206,60.196000289916995,,58.26600603260779,61.095246677531634,-2.8292406449238428,-2.2839957032014264,-0.5452449417224163,13.348417591332648,52.93000030517578,63.0099983215332,0.7936312708356119,1.1126249368798349,60.196000289916995,65.94666710402888,54.44533347580511,1.349285398210797,-0.0219557642925337,-421373600,63.28377430969213,-12.147831973017176,-18.004644902732604,2.8753334070559435,8183140.612919697,55.827785304576025,1,0.56982421875,0,0.999998569577201
2020-02-27,51.709999084472656,52.43999862670898,49.79999923706055,49.81999969482422,43.603492736816406,48141300,54.50400009155273,59.481500244140626,,56.96662044217955,60.260043197331086,-3.293422755151539,-2.485881113591449,-0.80754164156009,11.346155115838414,49.79999923706055,61.65999984741211,0.1686379151297447,1.1688375752564164,59.481500244140626,66.57805367544015,52.38494681284111,1.4907139369419635,-0.0601773010321559,-469514900,62.46301680135051,-16.772470452984145,-22.289815597381224,3.5482767156497608,9866985.610338729,52.70505480790319,1,0.58056640625,0,0.9999638806486773
2020-02-28,48.77000045776367,51.43999862670898,48.0099983215332,51.43999862670898,45.0213508605957,62446700,52.96599960327149,58.81400012969971,,56.11637093210715,59.60670656247019,-3.490335630363034,-2.6867720169457665,-0.8035636134172681,20.166562240944927,48.0099983215332,61.52999877929688,25.369823883446266,8.777364356470542,58.81400012969971,66.30841245096094,51.31958780843847,1.6771425519670748,0.0325170401808143,-407068200,61.6552452274871,-13.00524657956238,-20.60503488219423,3.74720616063062,13067816.724783303,48.08972308124612,1,0.92919921875,0,0.9999939207644434
2020-03-02,52.59000015258789,53.88999938964844,51.130001068115234,53.880001068115234,47.15689468383789,38127600,52.46999969482422,58.40200023651123,,55.77231402995455,59.18250615548093,-3.410192125526379,-2.831456038661889,-0.57873608686449,32.86359233060993,48.0099983215332,61.52999877929688,43.417178608239325,22.98521346893845,58.40200023651123,66.03584960164,50.76815087138247,1.7421422685895638,0.0474339523045661,-368940600,61.32226159453446,-4.400283029416485,-13.26464585552356,3.816924682564381,13227897.472223535,30.327181696403898,1,0.939453125,0,0.9999213293946492
2020-03-03,53.95000076293945,54.150001525878906,50.97999954223633,51.29999923706055,44.89882659912109,50580700,51.88999938964844,57.93050022125245,,55.08426560027855,58.598616754116456,-3.5143511538379073,-2.9680350616970927,-0.5463160921408146,26.632917064634455,48.0099983215332,61.52999877929688,24.334325474361243,31.040442655348944,57.93050022125245,66.10468241122976,49.75631803127512,1.9021423884800492,-0.0478842201170902,-419521300,60.78346915955794,-5.350556245493365,-15.527746379476635,4.0870910949886605,14335435.021081774,55.021647830381795,0,0.82666015625,0,0.999964357184974
2020-03-04,52.22999954223633,52.47999954223633,51.119998931884766,52.41999816894531,45.87906646728516,24079600,51.77199935913086,57.55300006866455,,54.674378303150355,58.14094130336304,-3.4665630002126804,-3.06774064940021,-0.3988223508124697,28.017879236886245,48.0099983215332,61.41999816894531,32.88590527659969,33.54580311973342,57.55300006866455,66.02261013852603,49.08338999880307,1.9278567177908752,0.0218323381781972,-395441700,60.574764719823015,-1.1129978707209776,-12.589632979949595,4.23480503493074,14302653.399653908,58.61730032583246,0,0.5888671875,0,0.9997925197578208
2020-03-05,50.41999816894531,50.70000076293945,49.040000915527344,50.11000061035156,43.85731506347656,40788200,51.82999954223633,56.922000122070315,,53.97216635041208,57.54605680758441,-3.5738904571723253,-3.168970610954634,-0.4049198462176915,25.520360991213774,48.0099983215332,61.15999984741211,15.96959730145736,24.396609350806106,56.922000122070315,65.64428372851756,48.199716515623074,2.1078567504882804,-0.0440671049081081,-436229900,60.15036050801495,0.5820973851942357,-20.11796432963095,4.361141803223621,14605093.996403769,56.76077169250071,0,0.59619140625,0,0.9999799741767432
2020-03-06,48.84000015258789,49.0099983215332,47.20000076293945,47.68999862670898,41.73927307128906,55640500,51.07999954223633,56.2125,,53.005679008303915,56.81597842381586,-3.810299415511942,-3.2972363718660955,-0.5130630436458463,23.26732260360625,47.20000076293945,60.619998931884766,3.65125134594585,17.502251308000968,56.2125,65.52521760317926,46.89978239682073,2.2528566632952005,-0.0482937927393014,-491870400,59.49715186055502,-7.290046850920606,-22.9314838339877,4.656358801589632,15672528.19832323,52.44918480879144,0,0.7021484375,0,0.9999984503497856
2020-03-09,41.709999084472656,44.56999969482422,40.79999923706055,41.86000061035156,36.6367416381836,72896300,48.67599945068359,55.23199996948242,,51.29095925477279,55.708128215411094,-4.417168960638307,-3.521222889620538,-0.8959460710177689,19.249145175794396,40.79999923706055,60.619998931884766,5.348140209950778,8.322996285784665,55.23199996948242,66.19679705586131,44.267202883103536,2.659285136631556,-0.1222478126282079,-564766700,58.363665916750286,-22.30883485426802,-31.901741045918353,5.482398543189444,18100037.83951482,43.25102922866532,1,0.94287109375,1,0.820198093840983
2020-03-10,46.16999816894531,46.2599983215332,41.45000076293945,43.40999984741211,37.99333190917969,60445900,47.097999572753906,54.404500007629395,,50.078503961332686,54.797155743707464,-4.718651782374778,-3.7607086681713864,-0.9579431142033914,22.14544151826712,40.79999923706055,60.540000915527344,13.221886466193457,7.407092674030031,54.404500007629395,66.32341703242213,42.48558298283666,2.946428026471818,0.0370281704362243,-504320800,57.6070967977918,-15.380115998030044,-27.601733638695737,5.959458512396368,18967585.0424453,36.211708197501366,1,0.88525390625,1,0.9981607271348264
2020-03-11,42.38999938964844,43.47999954223633,41.75,41.97999954223633,36.74176406860352,51986100,45.00999984741211,53.47700004577637,,48.832580204548634,53.84773676582071,-5.015156561272079,-4.011598246791525,-1.0035583144805535,21.47415287003628,40.79999923706055,59.5099983215332,6.306789753694099,8.292272143279448,53.47700004577637,66.24562213264149,40.70837795891124,3.011428015572683,-0.0329417256439136,-556306900,56.955465886853304,-19.916060647430267,-30.645960038256636,6.384311043432559,18820346.641292095,40.12568453814893,1,0.98583984375,1,0.9999522016515195
2020-03-12,39.900001525878906,40.650001525878906,37.0,37.18000030517578,32.540706634521484,65725300,42.42399978637695,52.27250003814697,60.56060012817383,47.03987560464512,52.61308962058776,-5.573214015942639,-4.323921400621749,-1.2492926153208908,19.005929317246753,37.0,57.79999923706055,0.8653861143180449,6.798020778068536,52.27250003814697,66.4166754228875,38.12832465340646,3.2907137189592626,-0.1143401450548192,-622032200,55.965129171199095,-25.80323318236948,-39.317773743439545,7.072087692370258,19451861.808125068,38.39973945036478,1,0.9814453125,0,0.9999520824406596
2020-03-13,40.0099983215332,40.13999938964844,35.0,38.119998931884766,33.36341094970703,79891500,40.50999984741211,51.13199996948242,59.92740013122559,45.66758688575891,51.5395273473505,-5.871940461591592,-4.633525212815718,-1.2384152487758744,22.84097266834,35.0,56.75,14.344822675332257,7.172332847781469,51.13199996948242,65.99700819827329,36.26699174069155,3.4599993569510312,0.0252823727539919,-542140700,54.94117500303402,-20.06709995890941,-37.436404495395,7.432504114395437,20873685.78837202,36.26456215059516,1,0.87548828125,1,0.996084423470127
2020-03-16,34.400001525878906,37.880001068115234,33.25,34.4900016784668,30.18636703491211,48924700,39.03600006103515,49.82399997711182,59.19920013427734,43.947958392329355,50.27659952002578,-6.328641127696429,-4.97254839579186,-1.3560927319045684,21.883021884937392,33.25,54.81999969482422,5.748732943952422,6.98631391120091,49.82399997711182,65.7299518898517,33.91804806437193,3.6092850821358806,-0.0952255339750738,-591065400,54.24693763806295,-17.606303928390865,-43.13272743488692,7.952975956369944,19647201.816340152,35.862247719075455,0,0.5849609375,0,0.923597489654662
2020-03-17,35.209999084472656,37.380001068115234,34.20000076293945,36.810001373291016,32.21687698364258,41204400,37.716000366210935,48.67049999237061,58.52880012512207,42.84981115863115,49.279073731378766,-6.429262572747618,-5.263891231183012,-1.1653713415646054,27.61193998377119,33.25,54.150001525878906,17.033498150145743,12.375684589810144,48.67049999237061,64.84960583007572,32.49139415466551,3.701428004673548,0.0672658620446708,-549861000,53.7622819544917,-15.203866614421456,-38.527052911340846,8.08955291885255,18811218.185665444,34.94118008328767,0,0.607421875,0,0.999998092420356
2020-03-18,34.54999923706055,36.709999084472656,31.229999542236328,33.119998931884766,28.98731231689453,54036400,35.944000244140625,47.30949993133545,57.77380004882812,41.35291696990093,48.082105227712546,-6.7291882578116144,-5.556950636508733,-1.1722376213028811,27.23554749074951,31.229999542236328,54.150001525878906,8.246069921797048,10.342767005298407,47.30949993133545,63.92889815992116,30.690101702749743,3.870713915143693,-0.1002445613621649,-603897400,53.03631806312673,-21.105289916541004,-45.11103936338936,8.309699114292854,17375992.504599396,35.110266573048726,1,0.86474609375,0,0.9999675734780517
2020-03-19,33.72999954223633,34.900001525878906,32.349998474121094,34.43000030517578,30.133848190307617,49412400,35.39400024414063,46.03799991607666,57.05660003662109,40.28785286763552,47.070838196413526,-6.782985328778004,-5.802157574962588,-0.980827753815416,26.61534393582164,31.229999542236328,54.150001525878906,13.961607705022068,13.080391925654956,46.03799991607666,62.504892286314345,29.57110754583897,3.8078569684709818,0.0395531828363036,-554485000,52.45659506694893,-7.396449643431491,-42.48245914781729,8.233446185118844,15706336.268394817,35.620871446234474,0,0.9970703125,0,0.9999992847883448
2020-03-20,34.84000015258789,35.18000030517578,31.559999465942383,32.7400016784668,28.654726028442383,76534600,34.31800079345703,44.718499946594235,56.32680000305176,39.12664499237879,46.0092947506397,-6.882649758260904,-6.018256011622252,-0.864393746638652,20.32565653069406,31.229999542236328,54.150001525878906,6.588141385450659,9.59860633742326,44.718499946594235,60.996465325434485,28.440534567753986,3.8692857197352817,-0.049085059881772,-631019600,51.548889340173886,-14.11331952823842,-44.63047338566473,8.138982689420125,15492359.308017297,35.69888785715494,1,0.990234375,1,0.9999976158993604
2020-03-23,32.529998779296875,32.70000076293945,30.11000061035156,31.450000762939453,27.525691986083984,56952500,33.710000610351564,43.47299995422363,55.56059997558594,37.94562280323428,44.930828529328565,-6.985205726094286,-6.2116459545166585,-0.7735597715776272,21.089423497250152,30.11000061035156,52.47999954223633,5.990166368215348,8.846638486229361,43.47299995422363,59.81230273788908,27.133697170558182,3.830714225769043,-0.0394013698654078,-687972100,50.88313942350592,-8.81415125423236,-44.198012025636714,8.169651391832723,14884654.814090624,46.262875910769054,1,0.91357421875,0,0.7524121936107638
2020-03-24,34.41999816894531,36.16999816894531,33.33000183105469,35.439998626708984,31.017820358276367,61835600,33.43600006103516,42.53499984741211,54.886599960327146,37.560142160691925,44.227804092097486,-6.667661931405561,-6.302849149894439,-0.3648127815111222,27.17741575747135,30.11000061035156,50.70000076293945,25.886342772501212,12.821550175389076,42.53499984741211,58.42928583417317,26.640713860651047,4.070713996887207,0.1268679735127806,-626136500,50.347026915040864,-3.721822046918189,-34.61254957962671,7.947142993380531,14547165.429959362,34.751572284511596,1,0.82666015625,1,0.6039151475138236
2020-03-25,36.5099983215332,38.59000015258789,35.18000030517578,37.290000915527344,32.63698196411133,56607700,34.27000045776367,41.748999977111815,54.23639991760254,37.51858196912814,43.71389274568488,-6.195310776556738,-6.281341475226899,0.0860306986701608,32.553075067722816,30.11000061035156,49.0099983215332,37.98942420468095,23.28864444846584,41.748999977111815,57.004115138076514,26.493884816147116,4.07285703931536,0.0522009695402223,-569528800,49.94485262831788,12.59058610544852,-29.65477816214198,7.627557580482349,13444499.056178272,34.33691592947967,1,0.92041015625,1,0.9736418979270416
2020-03-26,37.5,39.560001373291016,36.720001220703125,38.81999969482422,33.976070404052734,46722000,35.14800033569336,41.19899997711182,53.62879997253418,37.71880008077369,43.351382149324834,-5.6325820685511445,-6.151589593891749,0.5190075253406041,37.62900940969441,30.11000061035156,46.2599983215332,53.93189051935399,39.269219165512055,41.19899997711182,56.01578323791178,26.382216716311852,4.06785706111363,0.0410297329507383,-522806800,49.669044259393246,12.750506391916884,-22.079486285389898,7.408391630399982,13485251.667509897,36.55696749544524,1,0.95947265625,0,0.9573172860255555
2020-03-27,37.130001068115234,37.68000030517578,36.20000076293945,36.95000076293945,32.33940505981445,51558600,35.99000015258789,40.47450008392334,52.98600006103515,37.600523262645346,42.87720575033333,-5.276682487687978,-5.9766081726509945,0.6999256849630164,42.301661134019106,30.11000061035156,46.2599983215332,42.35294812365291,44.75808761589595,40.47450008392334,54.58294476313,26.366055404716676,3.762857028416225,-0.0481710187167798,-574365400,49.33033640210888,12.85888475455268,-28.16873687909848,7.0542223396033314,13377181.90785691,38.727277849707185,1,0.611328125,1,0.999902142496335
2020-03-30,36.22999954223633,38.150001525878906,35.86000061035156,37.5,32.82078170776367,45835000,37.2,39.65550003051758,52.35960006713867,37.585058145315294,42.478894213271595,-4.8938360679563,-5.760053751712056,0.8662176837557558,40.433796222029,30.11000061035156,43.47999954223633,55.27299910267586,50.51927924856093,39.65550003051758,52.314625932637064,26.996374128398095,3.5828572681971957,0.0148849587470696,-528530400,49.05674498525273,19.23688105022192,-30.40089224832716,6.329562951059742,12995444.499758955,37.4935322765532,1,0.66845703125,1,0.9999961848443508
2020-03-31,38.34000015258789,39.45000076293945,37.369998931884766,37.970001220703125,33.23213195800781,41491600,37.70600051879883,38.989000129699704,51.74780014038086,37.644280156913425,42.144902139748005,-4.500621982834581,-5.508167397936561,1.0075454151019807,43.30103776856625,30.11000061035156,40.650001525878906,74.57305434169696,57.399667189341905,38.989000129699704,50.40981287603939,27.568187383360016,3.607857431684222,0.0125333658854167,-487038800,48.829405781852856,7.1388337811261415,-25.98440197778299,5.710406373169844,13298167.50551406,35.327357707860756,1,0.70556640625,0,0.9999929667885176
2020-04-01,36.86000061035156,38.70000076293945,36.34000015258789,37.52999877929688,32.84703063964844,36045900,37.75400009155273,38.244500160217285,51.1468000793457,37.62669840651088,41.80305744638125,-4.17635903987037,-5.2418057263233235,1.0654466864529537,50.68439280073974,30.11000061035156,40.13999938964844,73.9780565503267,67.94136999823317,38.244500160217285,47.76143742194188,28.727562898492693,3.42071465083531,-0.0115881597909017,-523084700,48.631639081939944,0.6435984389306038,-28.40518868707167,4.758468630862297,12089294.202871334,34.898396683499335,1,0.99853515625,1,0.9999969007019726
2020-04-02,38.7400016784668,41.959999084472656,37.900001525878906,40.400001525878906,35.358917236328125,62000200,38.07000045776367,37.75900020599365,50.61100006103515,38.053360424875194,41.6991273781959,-3.6457669533207024,-4.9225979717228,1.2768310184020972,54.14545868676498,30.11000061035156,41.959999084472656,86.83546194541216,78.46219094581194,37.75900020599365,45.56398284667457,29.954017565312732,3.370000430515834,0.0764722312798271,-461084500,48.3910701222588,4.070071724563529,-19.377367723413673,3.90249132034046,11727142.78368101,33.05588982616706,1,0.99365234375,1,0.9999988079489696
2020-04-03,41.45000076293945,42.18000030517578,38.52000045776367,39.209999084472656,34.31740951538086,48425700,38.52200012207031,37.33500022888184,50.05980010986328,38.23130483404403,41.514747504586765,-3.2834426705427333,-4.594766911486786,1.311324240944053,59.41738968549462,30.11000061035156,42.18000030517578,75.39352696109262,78.73568181894383,37.33500022888184,43.64696847812827,31.02303197963541,3.283571924482073,-0.029455504862889,-509510200,48.1861768899534,6.116368808847117,-17.78150510888684,3.155984124623215,11842300.369198348,35.537539292091864,1,0.97021484375,1,0.9999988079489696
2020-04-06,39.880001068115234,40.83000183105469,39.22999954223633,40.470001220703125,35.42018127441406,41301900,39.11600036621094,37.26550025939942,49.54280014038086,38.57571966276082,41.437358890965754,-2.861639228204936,-4.248141374830417,1.3865021466254808,57.62499604622712,30.11000061035156,42.18000030517578,85.8326501432645,82.68721301658975,37.26550025939942,43.39567546001859,31.135325058780246,3.1721435274396623,0.0321347147577322,-468208300,48.04205104949273,7.920003255208341,-3.3205909445321535,3.0650876003095844,11491344.964706885,43.085818505966955,0,0.5234375,0,0.9999923697032572
2020-04-07,42.900001525878906,43.31999969482422,41.15999984741211,41.2400016784668,36.0941047668457,48921800,39.77000045776367,37.157000350952146,49.07280021667481,38.98560920363866,41.42273983818805,-2.4371306345493906,-3.885939226774212,1.4488085922248213,69.25995992036191,30.11000061035156,43.31999969482422,84.25436668801666,81.82684793079126,37.157000350952146,42.8934364294774,31.420564272426898,2.9771432876586914,0.0190264500750685,-419286500,47.89481703505674,8.61206308305491,-4.998843991183932,2.8682180392626244,11431808.665274575,42.58898153586669,1,0.9697265625,1,0.9835957579051428
2020-04-08,41.95000076293945,44.040000915527344,41.470001220703125,43.84999847412109,38.37843322753906,33355600,41.03400039672851,37.25050029754639,48.65680015563965,39.73397678371288,41.60253677418309,-1.8685599904702173,-3.4824633795134132,1.613903389043196,71.04556772500914,30.11000061035156,44.040000915527344,98.63601983313912,89.57434555480677,37.25050029754639,43.366344734169594,31.13465586092318,2.9950001580374583,0.0632879895593476,-385930900,47.83599078567261,16.839861178760774,4.4544996481082455,3.0579222183116044,12270299.584259272,44.58742082110857,1,0.60400390625,1,0.9974084003602856
2020-04-09,45.459999084472656,46.709999084472656,41.7400016784668,43.130001068115234,37.748268127441406,60107300,41.58000030517578,37.54800033569336,48.23720016479492,40.25644205823632,41.71568227743733,-1.459240219201007,-3.077818747450932,1.618578528249925,74.26435687172787,30.11000061035156,46.709999084472656,78.433744907034,87.10804380939658,37.54800033569336,44.20438328235484,30.89161738903188,3.091428484235491,-0.0164195537299909,-446038200,47.71580690036971,6.757424354272801,16.00322946234931,3.32819147333074,12009255.327678232,44.654232754711266,1,0.931640625,1,0.9998782955441402
2020-04-13,44.45000076293945,44.68999862670898,41.970001220703125,42.7599983215332,37.424442291259766,29651900,42.29000015258789,37.78000030517578,47.79660011291504,40.64160456028199,41.79303902144443,-1.151434461162438,-2.692541890193233,1.5411074290307951,77.59881534040349,33.33000183105469,46.709999084472656,70.47831409733354,82.51602627916888,37.78000030517578,44.8320111729083,30.72798943744326,3.0978567940848203,-0.0085787789802668,-475690100,47.65414771331369,9.053811068479112,12.172086882634714,3.526005433866261,11100919.617946291,68.1861575151882,1,0.921875,1,0.8024135593962118
2020-04-14,43.0,43.75,41.90999984741211,42.43000030517578,37.1356201171875,30769000,42.68199996948242,38.17700023651123,47.40280014038086,40.916742367188725,41.840221338757864,-0.9234789715691392,-2.3387293064684145,1.415250334899275,70.76648643380328,35.18000030517578,46.709999084472656,62.87945158344692,70.59717019593815,38.17700023651123,45.34223505030894,31.011765422713523,2.8921427045549657,-0.0077174468968872,-506459100,47.587560864529145,4.843091241296982,23.021160453193534,3.5826174068988546,11870123.229993716,47.46108362806325,1,0.90869140625,1,0.9999941591956986
2020-04-15,41.0,41.060001373291016,39.380001068115234,40.47999954223633,35.428932189941406,33125000,42.529999542236325,38.36050014495849,46.99780014038086,40.849551163349894,41.73946416864515,-0.8899130052952628,-2.0489660462337844,1.1590530409385216,59.42113954645898,35.86000061035156,46.709999084472656,42.58064130519622,58.646135661992226,38.36050014495849,45.56619201476312,31.15480827515387,2.8664283752441397,-0.0459580662011351,-539584100,47.49135150717268,-1.8428761040213515,9.970111469781774,3.6028459349023128,12267277.33148874,43.33208558611973,1,0.92724609375,1,0.9999988079489696
2020-04-16,40.47999954223633,40.47999954223633,38.93000030517578,39.150001525878906,34.264888763427734,30934000,41.59000015258789,38.662000274658205,46.58140014648438,40.588081988354354,41.54765212103284,-0.9595701326784862,-1.8310868635227249,0.8715167308442386,50.98625751595537,35.86000061035156,46.709999084472656,30.322593347588935,45.26089541207736,38.662000274658205,45.43612893386044,31.88787161545597,2.774285452706472,-0.0328556825938132,-570518100,47.38722584278274,-10.718351452203525,18.20653015839633,3.3870643296011163,12769611.540366763,39.73912093186442,1,0.92724609375,0,0.9999873646563814
2020-04-17,39.880001068115234,43.31999969482422,39.869998931884766,43.220001220703125,37.8270378112793,40829100,41.60800018310547,39.10150032043457,46.19120018005371,40.99299263948493,41.671529832119525,-0.6785371926345931,-1.6005769293450989,0.9220397367105057,66.56101186787731,35.86000061035156,46.709999084472656,67.8341165476317,46.912450400138944,39.10150032043457,45.860108613208375,32.34289202766076,2.884999683925083,0.1039591196984723,-529689000,47.3196790248964,0.2086718069998605,25.530063426127715,3.3793041463869047,12831163.883685673,37.611033441917954,1,0.69580078125,0,0.9998174275597868
2020-04-20,40.75,42.7400016784668,40.540000915527344,41.18000030517578,36.04159164428711,39260800,41.29200057983398,39.52350025177002,45.77720016479492,41.021763049591215,41.6351202375311,-0.6133571879398829,-1.4031329810640556,0.7897757931241727,59.010771939827194,36.34000015258789,46.709999084472656,46.67310174648409,48.27660388056824,39.52350025177002,45.63240750414098,33.414592999399055,2.9128567831856853,-0.0472003900488126,-568949800,47.22545187220998,-3.6950376014438735,25.778858259069672,3.054453626185481,10809837.998805564,27.73824330213762,1,0.50341796875,0,0.9999982118117786
2020-04-21,40.400001525878906,42.130001068115234,39.630001068115234,40.959999084472656,35.84904098510742,44381600,40.99800033569336,39.99900016784668,45.36700012207032,41.01226090111144,41.58511126323047,-0.5728503621190342,-1.2370764572750514,0.6642260951560173,57.41199059054221,36.34000015258789,46.709999084472656,44.55158541703989,53.01960123705189,39.99900016784668,44.80303758459621,35.19496275109716,2.9428566523960646,-0.0053424288264386,-613331400,47.11860624931177,-3.4645326658736986,30.238467697399063,2.4020187083747606,10423788.26436383,41.21122787922824,1,0.92626953125,1,0.999992012383769
2020-04-22,42.59999847412109,42.93000030517578,41.86000061035156,42.130001068115234,36.87305450439453,27074200,41.32800064086914,40.33350028991699,45.01040016174316,41.18422092680433,41.625473470999715,-0.441252544195386,-1.0779116746591184,0.6366591304637323,61.00478735258434,37.900001525878906,46.709999084472656,48.01362899482483,46.41277205278294,40.33350028991699,44.71391235377853,35.95308822605545,2.914999553135462,0.0285645021922402,-586257200,47.067244302739546,4.076090772079466,18.876982789622353,2.19020603193077,10217100.862999748,39.94917902426624,1,0.96240234375,0,0.9971982480260824
2020-04-23,43.130001068115234,44.65999984741211,42.810001373291016,43.45000076293945,38.0283432006836,35271000,42.18800048828125,40.641500282287595,44.66880020141602,41.53280244005589,41.76062364077303,-0.2278212007171376,-0.9078935798707224,0.6800723791535846,57.88113404726322,38.52000045776367,46.709999084472656,60.19537401506037,50.92019614230836,40.641500282287595,44.986986836942116,36.296013727633074,2.779285158429826,0.0313315846512811,-550986200,47.019368531942206,10.983394813454003,16.51917322653409,2.172743277327261,9761487.524633665,42.799487280084584,1,0.94287109375,1,0.999916205805046
2020-04-24,44.400001525878906,44.88999938964844,43.130001068115234,43.72999954223633,38.27340316772461,28653800,42.29000015258789,40.887000274658206,44.31800018310547,41.870832763468265,41.90650333717772,-0.0356705737094529,-0.7334489786384685,0.6977784049290155,62.25596744681094,38.93000030517578,46.709999084472656,61.69665797163983,56.63522032717501,40.887000274658206,45.352328977069355,36.42167157224706,2.6435707637241896,0.0064441605150833,-522332400,46.98437640626031,1.180005338104673,12.64811923238307,2.232664351205575,10069679.964757135,44.45904466326435,1,0.98291015625,1,0.9999923697032572
2020-04-27,43.59000015258789,44.31999969482422,42.22999954223633,43.93999862670898,38.45719528198242,28274400,42.84199981689453,41.23650016784668,43.978200149536136,42.1891659731976,42.05713261788374,0.1320333553138652,-0.5603525118480017,0.692385867161867,59.97699335531775,38.93000030517578,46.709999084472656,64.39587541922442,62.0959691353082,41.23650016784668,45.493725413753005,36.97927492194035,2.6771420070103225,0.0048021744036339,-494058000,46.95275127180432,6.702278535889916,18.917449849636903,2.1286126229531632,10063726.446103338,51.18038610961552,1,0.9462890625,0,0.9992556504829316
2020-04-28,44.369998931884766,45.38999938964844,44.11000061035156,44.970001220703125,39.35867691040039,26545100,43.64400024414063,41.61000022888184,43.664600143432615,42.616986780506146,42.272900662537026,0.3440861179691197,-0.3794647858845774,0.7235509038536971,60.56657231143237,38.93000030517578,46.709999084472656,77.63498538843234,67.90917292643219,41.61000022888184,45.797108085620216,37.42289237214346,2.5771421704973494,0.0234411157529728,-467512900,46.93360087609049,9.790044496730951,19.92000325520833,2.093553928369191,10323987.534581004,45.06770656819856,1,0.888671875,0,0.665373734308862
2020-04-29,46.2599983215332,47.59999847412109,46.15999984741211,47.459999084472656,41.53797912597656,29502500,44.70999984741211,42.08450012207031,43.41620010375976,43.362065596501,42.657130175273,0.7049354212280008,-0.1625847444620618,0.8675201656900626,60.29663679901399,38.93000030517578,47.59999847412109,98.3852431463032,80.13870131798666,42.08450012207031,46.666990454605894,37.502009789534725,2.5649991716657357,0.0553701978247489,-438010400,46.93919151603033,12.651312321924578,24.993409425004476,2.291245166267792,10477132.60724968,43.419981496990154,1,0.95947265625,1,0.9999793783406752
2020-04-30,47.68000030517578,47.68000030517578,45.77000045776367,46.470001220703125,40.6715087890625,37076300,45.31399993896484,42.531500244140624,43.13880012512207,43.84020953868594,42.93956506752708,0.9006444711588628,0.0500610986621231,0.8505833724967397,59.38202330265787,38.93000030517578,47.68000030517578,86.17143903459821,87.39722252311127,42.531500244140624,46.985693751366945,38.0773067369143,2.3464279174804683,-0.0208596266933647,-475086700,46.93301170052252,6.950518768090719,23.820950525417885,2.22709675361316,10470990.816154877,45.034307379740625,1,0.75732421875,1,0.9898306809648874
2020-05-01,45.630001068115234,46.38999938964844,43.0,43.13999938964844,37.757022857666016,35399300,45.19599990844726,42.668500137329104,42.80440010070801,43.73248490037248,42.95441205435088,0.778072846021594,0.1956634481340173,0.5824093978875766,50.91522422649014,38.93000030517578,47.68000030517578,48.11427525111607,77.55698581067249,42.668500137329104,47.01387503021272,38.32312524444549,2.3999996185302734,-0.0716591724463118,-510486000,46.885905115747136,-1.3491885633752254,6.782172673964815,2.172687446441804,8785428.58998711,47.09529581866437,0,0.5810546875,0,0.9999955892541906
2020-05-04,42.5099983215332,44.93999862670898,42.220001220703125,44.880001068115234,39.2799072265625,27465600,45.38400039672852,42.95200023651123,42.519400100708005,43.909025849255976,43.09704827759269,0.8119775716632915,0.3189262728398722,0.4930512988234193,55.52548611575927,38.93000030517578,47.68000030517578,68.00000871930804,67.42857433500744,42.95200023651123,47.08181238384148,38.82218808918098,2.462856565202985,0.0403338364182803,-483020400,46.8667609185835,2.1392864605937367,14.460602183201598,2.0649060736651226,8527152.623293849,42.05016300207623,1,0.7548828125,1,0.996114324768844
2020-05-05,46.2599983215332,47.150001525878906,44.65999984741211,44.83000183105469,39.23614883422852,29276200,45.35600051879883,43.17000026702881,42.28880012512207,44.05071446184039,43.22541520747876,0.8252992543616315,0.4202008691442241,0.4050983852174074,60.730148472079215,38.93000030517578,47.68000030517578,67.4285888671875,61.180957612537206,43.17000026702881,47.207430282759766,39.13257025129786,2.422856739589146,-0.0011140649703786,-512296600,46.84624946264504,-0.3113172911900719,10.7734135874479,2.018715007865476,8512689.965969061,41.34528743322687,1,0.99365234375,1,0.9999710325276436
2020-05-06,44.93000030517578,45.27000045776367,43.900001525878906,43.9900016784668,38.5009651184082,22659000,44.662001037597655,43.30750026702881,42.08460014343262,44.04137403362907,43.28205124236676,0.7593227912623064,0.4880252535678406,0.2712975376944658,62.234579165468546,39.630001068115234,47.68000030517578,54.16150339839802,63.19670032829785,43.30750026702881,47.254474541598704,39.36052599245891,2.4099995749337326,-0.0187374552370864,-534955600,46.82415889894694,-7.311414818676488,6.668282948775661,1.9734871372849476,8239871.719445691,43.60951627008491,1,0.96923828125,1,0.9999932053204984
2020-05-07,44.959999084472656,45.27000045776367,43.970001220703125,44.2400016784668,38.71976852416992,22160300,44.21600112915039,43.32700042724609,41.90920021057129,44.071932132834874,43.35301053392973,0.7189215989051476,0.534204522635302,0.1847170762698455,53.19548957543335,39.630001068115234,47.68000030517578,57.26709375484241,59.619062006809315,43.32700042724609,47.28908461010315,39.36491624438903,2.204999651227678,0.0056831095808385,-512795300,46.80475932699827,-4.798793810323443,0.8894030055117907,1.981042091428532,8620296.51227722,44.12941644871003,1,0.99658203125,1,0.9999988079489696
2020-05-08,45.310001373291016,46.220001220703125,44.97999954223633,46.18000030517578,40.41769027709961,19977400,44.82400131225586,43.47950038909912,41.83640022277832,44.39625031319501,43.562417183651654,0.8338331295433576,0.5941302440169132,0.2397028855264444,65.76292499237542,39.630001068115234,47.68000030517578,81.36645786133361,64.26501833819135,43.47950038909912,47.639502979707736,39.31949779849051,2.154999596732003,0.0438516851967762,-492817900,46.800559611820226,7.046826514922944,7.0716419233184835,2.0800012953043066,6323671.943110175,44.60937398367154,1,0.97119140625,1,0.999998569577201
2020-05-11,46.11000061035156,46.20000076293945,45.5099983215332,45.7400016784668,40.032596588134766,22258000,44.996001434326175,43.6285005569458,41.72240028381348,44.6029812924676,43.72371973882315,0.8792615536444472,0.65115650594242,0.2281050477020272,64.86319397904052,41.86000061035156,47.68000030517578,66.66668851487667,68.43341337701757,43.6285005569458,47.89217488623204,39.36482622765956,2.025714056832449,-0.0095279043698851,-515075900,46.792675580692176,1.9162223482265928,6.969138152264409,2.1318371646431187,6610965.642507979,49.873260079580774,1,0.5615234375,0,0.9184849649349168
2020-05-12,45.41999816894531,45.66999816894531,44.119998931884766,44.119998931884766,39.36345291137695,25439100,44.854000854492185,43.71300048828125,41.52720024108887,44.52867631391639,43.75307375312401,0.7756025607923789,0.6760457169124118,0.0995568438799671,56.01935272452022,42.220001220703125,47.68000030517578,34.798498713762115,60.94388169665748,43.71300048828125,47.943521851340535,39.48247912522197,2.0007141658238,-0.0354176363606187,-540515000,46.770159040961495,-1.583767276757253,3.983027609129741,2.115260681529639,6708157.527202462,50.20985656188878,1,0.88671875,1,0.9475260322805256
2020-05-13,43.7400016784668,43.869998931884766,41.59999847412109,41.93000030517578,37.4095573425293,30827900,44.44200057983399,43.78550052642822,41.33980026245117,44.12888000487938,43.61803127549822,0.5108487293811592,0.6430063194061613,-0.132157590025002,45.63218201808474,41.59999847412109,47.68000030517578,5.427660060382735,35.63094909634051,43.78550052642822,47.82826916323043,39.742731889626015,2.0,-0.0496373227499402,-571342900,46.7212436354926,-4.6828854164363225,3.582017735515386,2.021384318401102,6676439.08631413,48.754685138471125,0,0.5888671875,0,0.9999926089435868
