Date,Open,High,Low,Close,Adj Close,Volume,prophet_predicted_price
2019-12-31,55.20000076293945,55.380001068115234,54.97999954223633,55.34999847412109,51.119415283203125,7982600,
2020-01-02,55.31999969482422,55.43000030517578,54.7599983215332,54.9900016784668,50.78694152832031,11867700,
2020-01-03,54.31999969482422,54.9900016784668,54.09000015258789,54.68999862670898,50.50986099243164,11354500,
2020-01-06,54.650001525878906,54.90999984741211,54.52000045776367,54.66999816894531,50.49138641357422,14698300,
2020-01-07,54.45000076293945,54.59999847412109,54.150001525878906,54.25,50.103492736816406,9973900,
2020-01-08,54.27000045776367,54.63999938964844,54.150001525878906,54.34999847412109,50.19584655761719,10676000,
2020-01-09,55.0,55.400001525878906,54.84000015258789,55.34000015258789,51.11017990112305,15398000,
2020-01-10,55.47999954223633,55.93000030517578,55.45000076293945,55.52999877929688,51.2856559753418,13040100,62.995291622690814
2020-01-13,55.52999877929688,56.22999954223633,55.41999816894531,56.130001068115234,51.83979797363281,14302900,65.07226690320738
2020-01-14,56.2400016784668,56.290000915527344,55.83000183105469,56.0,51.71973419189453,16345300,50.535755326837176
2020-01-15,56.0,56.97999954223633,56.0,56.70000076293945,52.36623001098633,17735400,57.46889173410392
2020-01-16,56.84999847412109,56.95000076293945,56.61000061035156,56.81999969482422,52.4770622253418,10234100,55.484540530126
2020-01-17,56.869998931884766,57.150001525878906,56.79999923706055,56.93999862670898,52.58788299560547,14264300,57.579355610221
2020-01-21,56.84999847412109,57.25,56.56999969482422,57.16999816894531,52.8003044128418,11968900,53.373984658960055
2020-01-22,57.25,57.63999938964844,57.18000030517578,57.61000061035156,53.2066764831543,12869600,58.62479718864347
2020-01-23,57.380001068115234,57.84999847412109,57.2400016784668,57.83000183105469,53.40986633300781,12858900,58.82923886990369
2020-01-24,57.84999847412109,57.869998931884766,57.459999084472656,57.68000030517578,53.27132415771485,8594300,57.1721799464447
2020-01-27,57.209999084472656,57.84999847412109,57.130001068115234,57.47999954223633,53.08660507202149,14359900,59.2132372739894
2020-01-28,57.45000076293945,57.75,56.970001220703125,57.0099983215332,52.65253448486328,15240200,56.782129228900246
2020-01-29,57.0,57.2599983215332,56.65999984741211,57.0099983215332,52.65253448486328,13163600,57.06736045461785
2020-01-30,57.93000030517578,58.97999954223633,57.7599983215332,58.86000061035156,54.36113357543945,20225600,57.14165202360033
2020-01-31,58.970001220703125,59.08000183105469,58.150001525878906,58.400001525878906,53.93629455566406,17685200,57.952970152875665
2020-02-03,58.75,58.970001220703125,58.52000045776367,58.58000183105469,54.102535247802734,12333600,65.22579865257383
2020-02-04,58.75,59.45000076293945,58.619998931884766,58.84000015258789,54.34265899658203,15417900,58.75637073659618
2020-02-05,58.900001525878906,59.08000183105469,58.540000915527344,58.84999847412109,54.35189437866211,11414900,58.10991544242259
2020-02-06,58.97999954223633,59.34000015258789,58.84000015258789,58.9900016784668,54.481204986572266,9347000,59.22586488664249
2020-02-07,58.880001068115234,59.31999969482422,58.84999847412109,59.18999862670898,54.66590881347656,8757800,58.48633730296177
2020-02-10,59.31999969482422,59.84000015258789,59.290000915527344,59.75,55.18310928344727,7984900,54.750507668527455
2020-02-11,59.720001220703125,59.79999923706055,59.31999969482422,59.59000015258789,55.03533554077149,7431200,60.295479484826934
2020-02-12,59.47999954223633,59.77000045776367,59.31999969482422,59.40999984741211,54.86909484863281,9179100,60.7932250092476
2020-02-13,59.380001068115234,59.84000015258789,59.209999084472656,59.61000061035156,55.053810119628906,8173200,60.72425286326364
2020-02-14,59.630001068115234,60.06999969482422,59.619998931884766,59.95000076293945,55.367820739746094,9965500,59.289603076384225
2020-02-18,59.810001373291016,59.93000030517578,59.45000076293945,59.52999877929688,54.97992706298828,10075700,54.73195402741831
2020-02-19,59.5099983215332,60.0,59.470001220703125,59.77000045776367,55.20158004760742,6265700,59.70250620754723
2020-02-20,59.68000030517578,59.86000061035156,59.11000061035156,59.720001220703125,55.15540313720703,7597200,60.03241969737016
2020-02-21,59.5099983215332,60.130001068115234,59.43000030517578,60.130001068115234,55.5340690612793,10842400,59.514295525573615
2020-02-24,59.11000061035156,59.79999923706055,58.56999969482422,58.650001525878906,54.16718673706055,14415500,57.0277915036422
2020-02-25,58.70000076293945,59.20000076293945,57.619998931884766,57.81999969482422,53.40062713623047,15915100,59.00725784126021
2020-02-26,57.97999954223633,58.470001220703125,57.47999954223633,57.59999847412109,53.19744491577149,15837800,58.220517554530346
2020-02-27,57.150001525878906,57.88999938964844,54.880001068115234,54.93000030517578,50.73152160644531,23754000,57.81565091386223
2020-02-28,53.83000183105469,53.88999938964844,51.58000183105469,53.4900016784668,49.401588439941406,40890600,56.07835412811539
2020-03-02,53.93000030517578,55.959999084472656,53.70000076293945,55.91999816894531,51.64584732055664,25698600,40.244638101111775
2020-03-03,56.7599983215332,57.4900016784668,55.63999938964844,56.060001373291016,51.77515411376953,27099200,53.63692397517079
2020-03-04,56.40999984741211,59.0,56.40999984741211,58.91999816894531,54.41654968261719,20526100,58.274352367469106
2020-03-05,57.79999923706055,58.16999816894531,56.18999862670898,56.7400016784668,52.40317153930664,17948500,60.141951811915305
2020-03-06,54.93999862670898,55.90999984741211,53.97999954223633,55.2599983215332,51.03629302978516,22353900,61.29006780792078
2020-03-09,52.04999923706055,53.58000183105469,51.47999954223633,51.86000061035156,47.89616775512695,27898300,59.815383025090554
2020-03-10,53.220001220703125,53.79999923706055,51.16999816894531,53.65999984741211,49.5585823059082,27457400,50.19864016531682
2020-03-11,52.34999847412109,52.650001525878906,51.13999938964844,52.209999084472656,48.21941375732422,22653900,50.04192387787873
2020-03-12,48.540000915527344,49.93000030517578,46.68999862670898,47.15999984741211,43.55540466308594,31913100,50.24127701290421
2020-03-13,49.5099983215332,49.560001373291016,46.61000061035156,48.470001220703125,45.15787506103516,33697200,44.96842204548734
2020-03-16,42.2400016784668,47.880001068115234,41.16999816894531,45.2599983215332,42.16722106933594,28682300,39.912274438717034
2020-03-17,45.880001068115234,47.5,45.369998931884766,47.18000030517578,43.956016540527344,32106700,40.156565207162444
2020-03-18,44.7400016784668,45.150001525878906,41.59000015258789,44.84999847412109,41.78523254394531,35408300,43.96836285037547
2020-03-19,44.36000061035156,44.65999984741211,41.040000915527344,41.83000183105469,38.97160720825195,41956900,45.66181851464559
2020-03-20,41.95000076293945,42.06999969482422,37.5099983215332,38.29999923706055,35.68281936645508,51513500,45.98677945527305
2020-03-23,38.7599983215332,38.88999938964844,36.27000045776367,37.560001373291016,34.99338912963867,44978500,46.856085286220804
2020-03-24,41.220001220703125,41.400001525878906,38.83000183105469,39.45000076293945,36.75424575805664,49096200,39.67498197419433
2020-03-25,40.630001068115234,43.45000076293945,39.90999984741211,41.61000061035156,38.76663589477539,42511700,40.790152194234985
2020-03-26,42.84000015258789,45.27000045776367,42.45000076293945,44.290000915527344,41.26350784301758,37821700,41.130201894398155
2020-03-27,43.65999984741211,44.02999877929688,42.400001525878906,42.810001373291016,39.884647369384766,23297900,43.36810149720803
2020-03-30,43.040000915527344,45.560001373291016,43.040000915527344,45.0,41.924991607666016,23446000,50.54754355611645
2020-03-31,45.06999969482422,45.5099983215332,44.060001373291016,44.25,41.22623825073242,25373900,44.62006169345512
2020-04-01,42.47999954223633,43.650001525878906,41.79999923706055,42.119998931884766,39.241790771484375,21936400,44.32545148087385
2020-04-02,42.220001220703125,44.18999862670898,41.86000061035156,43.95000076293945,40.94674301147461,17621900,41.25825025640182
2020-04-03,43.58000183105469,44.34000015258789,43.310001373291016,43.83000183105469,40.834938049316406,14207100,38.69858822955062
2020-04-06,45.38999938964844,47.0099983215332,44.68999862670898,46.66999816894531,43.480865478515625,22850000,32.57858896369434
2020-04-07,48.5,48.59999847412109,46.47999954223633,46.5099983215332,43.33180236816406,21279600,46.98810435768655
2020-04-08,46.63999938964844,48.09000015258789,46.33000183105469,47.81999969482422,44.55228042602539,18937100,49.808694548496305
2020-04-09,48.43999862670898,49.72999954223633,48.34999847412109,49.0,45.65165328979492,19165300,49.52203174437815
2020-04-13,48.34999847412109,48.63999938964844,46.5,46.93000030517578,43.72310256958008,19586000,60.325481572510185
2020-04-14,47.93999862670898,49.25,46.93000030517578,48.91999816894531,45.57711791992188,21801900,50.76219175020177
2020-04-15,47.709999084472656,48.400001525878906,47.40999984741211,47.61000061035156,44.356632232666016,12893200,48.03163606138673
2020-04-16,47.400001525878906,47.84999847412109,46.7599983215332,47.09999847412109,43.88148880004883,17606800,47.64291785182267
2020-04-17,48.29999923706055,48.29999923706055,47.369998931884766,48.060001373291016,44.77588653564453,19844600,46.39401010218606
2020-04-20,47.790000915527344,48.0,46.310001373291016,46.52999877929688,43.35044097900391,18957900,46.1581757682486
2020-04-21,45.880001068115234,46.900001525878906,44.2599983215332,45.380001068115234,42.27902221679688,26863700,49.1214253468474
2020-04-22,46.04999923706055,46.150001525878906,45.5,45.68000030517578,42.55852127075195,15811600,45.174206442441374
2020-04-23,45.95000076293945,46.09999847412109,44.970001220703125,45.06999969482422,41.99020767211914,17668200,44.851668672781486
2020-04-24,45.5,45.75,45.119998931884766,45.43000030517578,42.32560729980469,15175000,44.29324934410473
2020-04-27,46.0,46.97999954223633,45.709999084472656,46.77999877929688,43.58335494995117,19175500,40.590322650801454
2020-04-28,47.900001525878906,48.0,46.56999969482422,46.7400016784668,43.54608917236328,17246700,47.060479135898774
2020-04-29,47.27000045776367,47.86000061035156,46.880001068115234,47.119998931884766,43.90011978149414,15780000,48.02414773871493
2020-04-30,47.0,47.0,45.70000076293945,45.88999938964844,42.75417709350586,20801100,48.54162155769994
2020-05-01,45.619998931884766,46.38999938964844,45.209999084472656,45.59999847412109,42.48398971557617,14290400,47.604495356461655
2020-05-04,45.31999969482422,45.47999954223633,44.59999847412109,45.13999938964844,42.05541610717773,22544200,42.48403491772579
2020-05-05,45.36000061035156,46.09999847412109,45.150001525878906,45.400001525878906,42.29765701293945,13370500,45.53172730264447
2020-05-06,45.400001525878906,45.630001068115234,44.720001220703125,44.75,41.69207382202149,11892900,43.94939264485753
2020-05-07,45.150001525878906,45.2400016784668,44.5,44.59999847412109,41.55231475830078,16466000,44.5491098296834
2020-05-08,45.08000183105469,46.220001220703125,44.880001068115234,46.11000061035156,42.95914077758789,13985100,44.33869717397685
2020-05-11,45.68999862670898,46.11000061035156,45.52000045776367,45.540000915527344,42.42808532714844,10874600,45.68414035334074
2020-05-12,45.59999847412109,45.84999847412109,44.79999923706055,44.81999969482422,41.75728988647461,13424400,48.17952278269961
2020-05-13,44.709999084472656,44.77999877929688,43.52000045776367,43.93999862670898,40.93741989135742,15854800,47.18433941462453
2020-05-14,43.380001068115234,44.060001373291016,43.22999954223633,43.70000076293945,40.713829040527344,18000800,46.64150544576221
2020-05-15,43.959999084472656,44.68999862670898,43.20000076293945,43.2599983215332,40.30389022827149,31579400,44.08634554245667
2020-05-18,44.81999969482422,45.38999938964844,44.130001068115234,44.970001220703125,41.89703369140625,26118500,43.02027585073628
2020-05-19,45.0099983215332,45.33000183105469,44.25,44.540000915527344,41.49642562866211,17839900,46.168142617211565
2020-05-20,45.20000076293945,46.16999816894531,45.02000045776367,45.88999938964844,42.75417709350586,22295900,45.057585935654956
2020-05-21,46.08000183105469,46.09000015258789,45.02999877929688,45.16999816894531,42.08337020874024,13193500,45.363894135878695
2020-05-22,45.220001220703125,45.310001373291016,44.650001525878906,45.02999877929688,41.95293426513672,13008400,45.87664084607063
2020-05-26,46.91999816894531,46.93000030517578,45.93000030517578,46.09000015258789,42.94050598144531,22223100,52.258957237043035
2020-05-27,47.0,47.09000015258789,46.16999816894531,46.72999954223633,43.53676986694336,18447600,48.418700908529964
2020-05-28,47.29999923706055,47.459999084472656,46.81999969482422,47.09000015258789,43.87217330932617,16230600,49.13711403967576
2020-05-29,46.68000030517578,47.18999862670898,46.13999938964844,46.68000030517578,43.49018859863281,51125000,49.03346777529386
2020-06-01,46.65999984741211,47.22999954223633,46.59000015258789,46.9900016784668,43.77900314331055,17010700,46.646909126827076
2020-06-02,47.15999984741211,47.27999877929688,46.560001373291016,46.900001525878906,43.69515228271485,15255100,46.25265340065511
2020-06-03,47.27000045776367,48.119998931884766,47.119998931884766,47.900001525878906,44.62682723999024,15508300,46.34863899034602
2020-06-04,47.93999862670898,48.27000045776367,47.380001068115234,47.91999816894531,44.64545822143555,13604700,45.34992846810262
2020-06-05,48.540000915527344,49.4900016784668,48.459999084472656,49.09000015258789,45.73550796508789,20504800,45.33136507974557
2020-06-08,49.540000915527344,49.970001220703125,49.470001220703125,49.84999847412109,46.44356918334961,19896700,43.4415743789975
2020-06-09,49.59000015258789,49.59000015258789,48.68000030517578,49.0,45.65165328979492,16713700,48.99674913096574
2020-06-10,49.15999984741211,49.27000045776367,48.56999969482422,48.619998931884766,45.29762268066406,15716600,48.85033483800997
2020-06-11,47.810001373291016,47.91999816894531,45.459999084472656,45.540000915527344,42.42808532714844,26070400,49.06150140069854
2020-06-12,46.209999084472656,46.25,45.0099983215332,45.59999847412109,42.86994934082031,21822700,47.61053133948756
2020-06-15,44.56999969482422,46.45000076293945,44.470001220703125,46.29999923706055,43.52803802490234,15622300,42.734329223432944
2020-06-16,47.560001373291016,47.68999862670898,46.18999862670898,46.77000045776367,43.96990203857422,18803500,44.787823388075296
2020-06-17,46.77999877929688,47.060001373291016,46.43999862670898,46.58000183105469,43.791282653808594,12602800,44.89263678373318
2020-06-18,46.29999923706055,47.040000915527344,46.06999969482422,46.9900016784668,44.176734924316406,9380800,45.08054291587809
2020-06-19,47.77000045776367,47.790000915527344,46.02000045776367,46.02000045776367,43.26480865478516,30464600,45.964569500633104
2020-06-22,46.02999877929688,46.150001525878906,45.380001068115234,45.7400016784668,43.00156784057617,20876200,52.26659847819593
2020-06-23,46.0,46.290000915527344,45.58000183105469,45.63999938964844,42.90755462646485,14675300,48.0137429362591
2020-06-24,45.369998931884766,45.43999862670898,44.5,44.650001525878906,41.97682571411133,17631800,47.599322218374084
2020-06-25,44.470001220703125,44.97999954223633,44.02999877929688,44.93000030517578,42.24006652832031,13829700,47.447073547207324
2020-06-26,44.91999816894531,45.0099983215332,43.5099983215332,43.56999969482422,40.96148300170898,21955100,46.06715227335378
2020-06-29,44.0,44.56999969482422,43.54999923706055,44.36000061035156,41.70418930053711,17603900,47.03779651962992
2020-06-30,44.25,44.83000183105469,44.040000915527344,44.68000030517578,42.00503158569336,23679800,45.86965961073029
2020-07-01,44.93000030517578,45.52999877929688,44.709999084472656,44.81999969482422,42.13665008544922,14316500,44.71560697336623
2020-07-02,45.290000915527344,45.43000030517578,44.79999923706055,44.880001068115234,42.193058013916016,15111900,45.25845083660944
2020-07-06,45.13999938964844,45.27000045776367,44.61000061035156,45.22999954223633,42.522098541259766,15146000,46.67368623897781
2020-07-07,45.0,45.5,44.79999923706055,45.209999084472656,42.503299713134766,13043600,47.15297823817356
2020-07-08,45.13999938964844,45.18000030517578,44.470001220703125,45.06999969482422,42.371681213378906,13851200,45.333716916598064
2020-07-09,45.04999923706055,45.04999923706055,43.83000183105469,43.90999984741211,41.281131744384766,16087100,44.62074225532593
2020-07-10,43.880001068115234,45.25,43.86000061035156,45.150001525878906,42.44689178466797,15627800,43.61015237494369
2020-07-13,45.52999877929688,45.68000030517578,44.959999084472656,45.25,42.5409049987793,16705300,40.876553131406325
2020-07-14,44.90999984741211,45.93999862670898,44.66999816894531,45.869998931884766,43.12378692626953,17080100,45.39723158228421
2020-07-15,46.29999923706055,47.18999862670898,46.20000076293945,46.400001525878906,43.62205505371094,23738000,44.398637207110724
2020-07-16,46.2599983215332,46.68999862670898,45.93999862670898,46.150001525878906,43.387020111083984,13306100,45.0917915483223
2020-07-17,46.470001220703125,46.90999984741211,46.130001068115234,46.81999969482422,44.01690673828125,13899800,45.17578583427204
2020-07-20,46.720001220703125,46.83000183105469,45.84999847412109,46.119998931884766,43.35881805419922,16633200,44.668013860014014
2020-07-21,47.52000045776367,47.9900016784668,46.93000030517578,47.20000076293945,44.3741569519043,25681500,47.498811875897445
2020-07-22,47.93000030517578,48.52000045776367,47.02999877929688,48.47999954223633,45.5775260925293,29831200,48.209882693166676
2020-07-23,48.470001220703125,48.56999969482422,48.02999877929688,48.27999877929688,45.38949966430664,15935000,48.026388743431234
2020-07-24,48.400001525878906,48.79999923706055,48.06999969482422,48.4900016784668,45.5869255065918,16196800,48.50661267174654
2020-07-27,48.18000030517578,48.5099983215332,48.18000030517578,48.47999954223633,45.5775260925293,17346500,51.10654688031282
2020-07-28,48.34000015258789,49.27999877929688,48.09999847412109,48.18000030517578,45.29548645019531,13872700,49.92631994111872
2020-07-29,48.13999938964844,48.5,47.81999969482422,48.02000045776367,45.14506149291992,13758100,49.14659155331304
2020-07-30,47.66999816894531,48.22999954223633,47.20000076293945,47.68999862670898,44.83482360839844,17276500,48.81960945951628
2020-07-31,47.43999862670898,47.77000045776367,46.72999954223633,47.2400016784668,44.411766052246094,14849200,48.33620919265155
2020-08-03,47.13999938964844,47.36000061035156,46.22999954223633,46.29999923706055,43.52803802490234,14137500,47.80792467547407
2020-08-04,46.290000915527344,46.86000061035156,46.220001220703125,46.68999862670898,43.89468765258789,11717200,48.04433929396303
2020-08-05,46.900001525878906,47.27000045776367,46.810001373291016,47.220001220703125,44.39295959472656,10498700,46.12289676971906
2020-08-06,46.65999984741211,47.52999877929688,46.59999847412109,47.47999954223633,44.63739776611328,10745000,46.079977838934234
2020-08-07,47.470001220703125,48.08000183105469,47.209999084472656,47.79999923706055,44.938232421875,11669700,45.778581052490956
2020-08-10,48.060001373291016,48.27999877929688,47.65999984741211,47.720001220703125,44.86303329467773,11888000,46.60691386502542
2020-08-11,48.459999084472656,48.650001525878906,47.70000076293945,47.93000030517578,45.060455322265625,16531600,48.50504697221719
2020-08-12,48.29999923706055,48.68999862670898,48.119998931884766,48.43000030517578,45.530517578125,9562200,48.51095355788216
2020-08-13,48.2599983215332,48.72999954223633,48.060001373291016,48.380001068115234,45.48351287841797,9882900,48.76343295756036
2020-08-14,48.34000015258789,48.68999862670898,48.02999877929688,48.45000076293945,45.54932403564453,10075800,48.566187729258516
2020-08-17,48.31999969482422,48.75,48.20000076293945,48.209999084472656,45.32368850708008,9102400,49.2985753601365
2020-08-18,48.20000076293945,48.5,47.959999084472656,48.41999816894531,45.521121978759766,9829000,49.3848921650813
2020-08-19,48.119998931884766,48.380001068115234,47.220001220703125,47.369998931884766,44.53398513793945,17371000,48.32039433189535
2020-08-20,47.27000045776367,47.59999847412109,47.09000015258789,47.34999847412109,44.515174865722656,11308700,48.18603310824461
2020-08-21,47.34000015258789,47.5,46.970001220703125,47.27999877929688,44.44936752319336,14734100,47.25026086986597
2020-08-24,47.43000030517578,47.97999954223633,47.18000030517578,47.970001220703125,45.09805679321289,9257700,45.55755746028745
2020-08-25,48.0,48.04999923706055,47.650001525878906,47.90999984741211,45.041648864746094,7827800,46.93856216449103
2020-08-26,47.7599983215332,48.18000030517578,47.470001220703125,48.15999984741211,45.27667999267578,10124200,46.71927700068246
2020-08-27,48.25,48.81999969482422,48.20000076293945,48.22999954223633,45.34249496459961,10931600,46.77209648220473
2020-08-28,48.75,49.84999847412109,48.52999877929688,49.83000183105469,46.8467025756836,16420300,47.13224394524908
2020-08-31,49.79999923706055,50.06999969482422,49.34999847412109,49.52999877929688,46.56465911865234,18510800,47.626201235220144
2020-09-01,49.310001373291016,49.34999847412109,48.83000183105469,49.119998931884766,46.1792106628418,12588400,51.03487312138267
2020-09-02,49.36000061035156,51.36000061035156,49.36000061035156,51.18999862670898,48.12527847290039,26332600,50.07086863781584
2020-09-03,51.400001525878906,52.13999938964844,50.09999847412109,50.47999954223633,47.45779037475586,22289400,50.38620785392786
2020-09-04,50.93999862670898,51.470001220703125,50.27999877929688,51.040000915527344,47.98426055908203,21019500,51.3845362948707
2020-09-08,50.93000030517578,51.040000915527344,49.36000061035156,49.810001373291016,46.82789611816406,17776700,55.77807847922328
2020-09-09,49.59999847412109,50.7599983215332,49.54999923706055,50.18999862670898,47.18514633178711,15252300,52.43525349310992
2020-09-10,50.34999847412109,50.68000030517578,49.95000076293945,50.0,47.00652313232422,15439500,50.419912565837336
2020-09-11,50.400001525878906,51.20000076293945,50.09999847412109,51.060001373291016,48.0030632019043,18272300,50.237287180578214
2020-09-14,50.970001220703125,51.22999954223633,50.56999969482422,50.709999084472656,48.0599250793457,10911700,49.27968434583497
2020-09-15,51.0,51.380001068115234,50.84000015258789,51.04999923706055,48.38216018676758,12838400,50.898958303738596
2020-09-16,50.95000076293945,51.45000076293945,50.7400016784668,50.790000915527344,48.13574981689453,15353900,50.65159654894651
2020-09-17,50.220001220703125,50.630001068115234,49.93999862670898,50.54999923706055,47.90829086303711,13287100,50.47955557318086
2020-09-18,50.75,51.15999984741211,50.209999084472656,50.45000076293945,47.813514709472656,23816600,49.71726692381205
2020-09-21,49.75,50.02000045776367,48.61000061035156,49.09000015258789,46.52458953857422,17514800,48.652126323294354
2020-09-22,49.11000061035156,50.040000915527344,49.06999969482422,49.65999984741211,47.06480026245117,13034600,49.422416091032225
2020-09-23,49.72999954223633,49.91999816894531,48.16999816894531,48.209999084472656,45.690574645996094,17121200,48.520275082822984
2020-09-24,48.209999084472656,49.09999847412109,47.560001373291016,48.70000076293945,46.15496063232422,16788100,48.42472690315281
2020-09-25,48.20000076293945,48.7599983215332,47.97999954223633,48.720001220703125,46.17392349243164,12603400,47.59085155198467
2020-09-28,49.310001373291016,49.709999084472656,49.13999938964844,49.27999877929688,46.70465087890625,11215700,45.193403114210746
2020-09-29,49.38999938964844,49.560001373291016,48.90999984741211,48.91999816894531,46.363468170166016,12426600,49.23846255402708
2020-09-30,49.27000045776367,49.619998931884766,48.88999938964844,49.369998931884766,46.78995513916016,15755900,49.153695082238336
2020-10-01,49.43999862670898,49.65999984741211,48.59000015258789,49.18000030517578,46.6098861694336,17577300,49.694501823587245
2020-10-02,48.7599983215332,49.58000183105469,48.54999923706055,49.36000061035156,46.78047561645508,13610100,49.977582906689484
2020-10-05,49.43000030517578,49.54999923706055,49.119998931884766,49.380001068115234,46.799434661865234,10628700,50.94259356288589
2020-10-06,49.54999923706055,49.72999954223633,48.83000183105469,48.93999862670898,46.382423400878906,10077400,51.06611327439453
2020-10-07,49.02000045776367,49.7599983215332,48.95000076293945,49.560001373291016,46.970027923583984,10135600,50.63914960969071
2020-10-08,49.709999084472656,50.540000915527344,49.540000915527344,50.459999084472656,47.82299041748047,12143900,50.138994577024356
2020-10-09,50.66999816894531,51.22999954223633,50.59999847412109,50.810001373291016,48.15470123291016,11407800,50.223976194005886
2020-10-12,50.84000015258789,51.52999877929688,50.83000183105469,51.09000015258789,48.420066833496094,11386500,52.41025007485163
2020-10-13,50.9900016784668,50.9900016784668,49.900001525878906,50.220001220703125,47.59553527832031,14365300,52.4218636667716
2020-10-14,50.04999923706055,50.4900016784668,49.650001525878906,50.119998931884766,47.50076675415039,10582100,52.10209377744348
2020-10-15,49.400001525878906,50.130001068115234,49.29999923706055,49.9900016784668,47.3775520324707,9961700,51.62076856786289
2020-10-16,49.9900016784668,50.34999847412109,49.869998931884766,50.02999877929688,47.41546249389648,13569800,50.39406674148192
2020-10-19,50.02999877929688,50.47999954223633,49.459999084472656,49.619998931884766,47.02688980102539,9930400,48.67709051216866
2020-10-20,49.88999938964844,50.619998931884766,49.790000915527344,50.25,47.62397003173828,10970700,49.65287114655652
2020-10-21,49.959999084472656,50.43000030517578,49.77000045776367,49.9900016784668,47.3775520324707,12517400,49.300791289596994
2020-10-22,51.16999816894531,51.20000076293945,50.380001068115234,50.68000030517578,48.031494140625,20189200,49.15493418258398
2020-10-23,51.0,51.18000030517578,50.470001220703125,50.52000045776367,47.87985610961914,13491300,49.613134571231996
2020-10-26,50.34000015258789,50.5099983215332,49.20000076293945,49.79999923706055,47.19748306274414,14696400,49.17871355240959
2020-10-27,49.810001373291016,50.290000915527344,49.54999923706055,49.900001525878906,47.29226303100586,13892100,50.76801812358179
2020-10-28,49.0,49.150001525878906,47.77999877929688,47.959999084472656,45.4536361694336,19886200,49.43418336684956
2020-10-29,47.72999954223633,48.47999954223633,47.29999923706055,48.02000045776367,45.5105094909668,15369900,48.80028823246056
2020-10-30,47.810001373291016,48.119998931884766,47.369998931884766,48.060001373291016,45.54841995239258,15804000,47.54635238591496
2020-11-02,48.75,48.95000076293945,48.2400016784668,48.619998931884766,46.07915115356445,15156100,45.34626439083472
2020-11-03,49.220001220703125,49.959999084472656,49.0,49.34999847412109,46.77099609375,15285100,47.69251802787773
2020-11-04,49.43000030517578,50.209999084472656,49.08000183105469,49.16999816894531,46.60040664672852,12930800,47.77049544139645
2020-11-05,49.7599983215332,50.209999084472656,49.34000015258789,49.43999862670898,46.85629653930664,12452400,48.22812788411739
2020-11-06,49.650001525878906,49.9900016784668,49.25,49.45000076293945,46.86577224731445,9294900,48.80974231888462
2020-11-09,52.5,53.2599983215332,52.06999969482422,52.56999969482422,49.82271957397461,33442000,49.604701354707714
2020-11-10,52.56999969482422,54.27999877929688,52.45000076293945,53.97999954223633,51.15904235839844,29706700,52.35316954223343
2020-11-11,53.93000030517578,54.29999923706055,53.33000183105469,53.58000183105469,50.77994537353516,17399900,52.8598678127819
2020-11-12,53.04999923706055,53.209999084472656,52.61000061035156,53.0099983215332,50.23973083496094,15024400,53.64556149124142
2020-11-13,53.25,53.5,52.88999938964844,53.45000076293945,50.65673828125,12447900,53.9856366546987
2020-11-16,54.5,54.619998931884766,53.27999877929688,53.84999847412109,51.03582763671875,14908200,56.03249952850064
2020-11-17,53.65999984741211,53.75,53.02999877929688,53.68000030517578,50.87471389770508,14248400,56.3644270698319
2020-11-18,53.75,54.02000045776367,52.560001373291016,52.61000061035156,49.86063766479492,15278200,55.50444530517034
2020-11-19,52.4900016784668,53.22999954223633,51.95000076293945,53.130001068115234,50.353458404541016,17189500,55.38536063253528
2020-11-20,53.18999862670898,53.25,52.59000015258789,52.66999816894531,49.9174919128418,15645600,54.525439581034945
2020-11-23,52.95000076293945,53.16999816894531,52.20000076293945,52.68000030517578,49.92697525024414,13191900,54.60033365670961
2020-11-24,53.13999938964844,53.59000015258789,53.02000045776367,53.220001220703125,50.438751220703125,13827600,52.70529486067425
2020-11-25,53.06999969482422,53.27999877929688,52.790000915527344,52.93000030517578,50.163909912109375,10194800,52.41153492758475
2020-11-27,53.11000061035156,53.18999862670898,52.61000061035156,52.70000076293945,49.945926666259766,8499300,51.50940583065376
2020-11-30,52.09000015258789,52.18999862670898,51.08000183105469,51.59999847412109,49.28686141967773,43203600,51.49575679140997
2020-12-01,52.13999938964844,52.33000183105469,51.790000915527344,52.040000915527344,49.70713806152344,18968800,51.537350376346296
2020-12-02,51.900001525878906,52.130001068115234,51.63999938964844,52.11000061035156,49.77399826049805,14913100,51.089647459258245
2020-12-03,51.900001525878906,52.93999862670898,51.900001525878906,52.77999877929688,50.41396331787109,17318900,51.199325086172536
2020-12-04,52.77999877929688,53.869998931884766,52.7599983215332,53.84999847412109,51.435997009277344,18122400,50.83849780570727
2020-12-07,53.7599983215332,53.77999877929688,52.70000076293945,52.9900016784668,50.61455535888672,16210900,50.992343393736306
2020-12-08,52.93999862670898,53.47999954223633,52.790000915527344,53.18000030517578,50.79602813720703,12485800,52.28364208840222
2020-12-09,53.369998931884766,53.59999847412109,53.0,53.33000183105469,50.93930816650391,11508400,52.279698567582656
2020-12-10,53.400001525878906,53.5099983215332,52.97999954223633,53.04999923706055,50.6718635559082,12097300,52.91718513365054
2020-12-11,52.79999923706055,53.540000915527344,52.77999877929688,53.34999847412109,50.95840835571289,10638100,53.0496058342518
2020-12-14,53.650001525878906,53.84000015258789,53.18000030517578,53.27000045776367,50.88199996948242,22292000,53.30509113601276
2020-12-15,53.790000915527344,54.220001220703125,53.59999847412109,53.84000015258789,51.42644882202149,16193700,53.99896470643062
2020-12-16,53.59999847412109,53.79999923706055,52.93999862670898,53.060001373291016,50.68141555786133,15679600,53.81259102791087
2020-12-17,53.29999923706055,53.709999084472656,53.150001525878906,53.27000045776367,50.88199996948242,12677300,53.97588018875482
2020-12-18,53.08000183105469,53.84000015258789,52.619998931884766,53.7400016784668,51.330936431884766,35480100,53.78203270953711
2020-12-21,52.68000030517578,53.0,51.97999954223633,52.810001373291016,50.44262313842773,14926600,53.881338306025505
2020-12-22,52.810001373291016,53.18000030517578,52.38999938964844,52.7599983215332,50.39485549926758,9689500,53.885420692331245
2020-12-23,52.95000076293945,53.38999938964844,52.93999862670898,53.08000183105469,50.70051574707031,7040300,53.30177539724327
2020-12-24,53.02000045776367,53.54999923706055,53.02000045776367,53.43999862670898,51.04438018798828,3265500,53.256744405305255
2020-12-28,53.84999847412109,54.43999862670898,53.72999954223633,54.15999984741211,51.73210144042969,9020500,52.956540246744275
2020-12-29,54.45000076293945,54.4900016784668,54.02000045776367,54.130001068115234,51.70344924926758,8320600,53.65680101204119
2020-12-30,54.04999923706055,54.630001068115234,54.02999877929688,54.43999862670898,51.99954605102539,8142700,53.623262644110916
2020-12-31,54.45000076293945,54.93000030517578,54.27000045776367,54.84000015258789,52.38161849975586,8495000,53.77949458266044
2021-01-04,54.27000045776367,54.630001068115234,52.02999877929688,52.7599983215332,50.39485549926758,25611100,54.01583218625071
2021-01-05,52.33000183105469,52.619998931884766,52.02999877929688,52.18000030517578,49.84086227416992,20323800,54.547619320774935
2021-01-06,51.970001220703125,52.02000045776367,50.18999862670898,50.52000045776367,48.25527572631836,38724500,53.79808560253263
2021-01-07,50.09000015258789,50.2599983215332,49.52000045776367,49.959999084472656,47.72037887573242,53225700,53.51033233840749
2021-01-08,50.02999877929688,51.130001068115234,49.84000015258789,51.08000183105469,48.7901725769043,29674000,52.77074918780146
2021-01-11,50.619998931884766,50.86000061035156,49.95000076293945,50.20000076293945,47.94962692260742,19304400,52.455845814659334
2021-01-12,50.040000915527344,50.369998931884766,49.7599983215332,50.11000061035156,47.8636589050293,18538700,52.55934196397307
2021-01-13,49.97999954223633,50.36000061035156,49.95000076293945,50.15999984741211,47.911415100097656,18864100,52.01458713444836
2021-01-14,50.15999984741211,50.18000030517578,49.220001220703125,49.22999954223633,47.02310180664063,34303600,51.80173913461714
2021-01-15,49.15999984741211,49.18000030517578,48.52999877929688,48.70000076293945,46.51686096191406,24366800,51.552143490399544
2021-01-19,48.7400016784668,49.040000915527344,48.2400016784668,48.5099983215332,46.33538055419922,29114500,51.78392653063408
2021-01-20,48.540000915527344,48.81999969482422,48.310001373291016,48.68000030517578,46.49776458740234,23115800,50.30358427015891
2021-01-21,48.77999877929688,49.09000015258789,48.459999084472656,48.95000076293945,46.75565719604492,19702500,49.78102781290052
2021-01-22,48.810001373291016,48.93999862670898,48.4900016784668,48.4900016784668,46.31628036499024,15400300,49.255312300478906
2021-01-25,48.41999816894531,48.84000015258789,48.2400016784668,48.77999877929688,46.59328079223633,16604200,48.95302671133615
2021-01-26,48.90999984741211,49.400001525878906,48.61000061035156,49.290000915527344,47.08041763305664,12922600,49.13117040386991
2021-01-27,48.88999938964844,49.31999969482422,48.22999954223633,48.52999877929688,46.354488372802734,21242400,48.77350741673104
2021-01-28,48.68999862670898,49.5,48.61000061035156,49.150001525878906,46.94669723510742,17498900,48.67691328171551
2021-01-29,49.02999877929688,49.119998931884766,48.11000061035156,48.150001525878906,45.99151992797852,18670300,48.45964621068144
2021-02-01,48.27000045776367,48.68999862670898,48.18000030517578,48.47999954223633,46.30672454833984,12183600,48.37902666982872
2021-02-02,48.79999923706055,49.34999847412109,48.630001068115234,48.959999084472656,46.76520919799805,13319800,48.59886312750978
2021-02-03,48.95000076293945,49.09000015258789,48.66999816894531,48.77000045776367,46.5837287902832,12274100,48.22605648622014
2021-02-04,48.959999084472656,49.06999969482422,48.650001525878906,49.0099983215332,46.812965393066406,20597400,48.32846598589849
2021-02-05,49.5,49.77999877929688,49.27000045776367,49.650001525878906,47.424278259277344,12742000,48.22032457715553
2021-02-08,49.959999084472656,50.16999816894531,49.4900016784668,49.91999816894531,47.68217468261719,17833200,48.13516656424131
2021-02-09,49.84999847412109,50.02000045776367,49.630001068115234,49.70000076293945,47.47203063964844,14592900,48.74637170695134
2021-02-10,50.40999984741211,50.58000183105469,49.52999877929688,49.59999847412109,47.37651443481445,22965400,48.709462062079865
2021-02-11,49.810001373291016,50.59000015258789,49.79999923706055,50.29999923706055,48.04513931274414,21928600,48.85441302248489
2021-02-12,50.56999969482422,50.84999847412109,50.38999938964844,50.68999862670898,48.41765594482422,13137100,48.84146683345551
2021-02-16,50.619998931884766,50.720001220703125,50.15999984741211,50.27000045776367,48.016483306884766,15093400,49.16174491709788
2021-02-17,50.0,50.4900016784668,49.88999938964844,50.130001068115234,47.88275909423828,12794300,49.2490232449809
2021-02-18,50.15999984741211,50.84999847412109,50.02999877929688,50.77000045776367,48.49407196044922,12747100,49.17560269833666
2021-02-19,50.790000915527344,50.83000183105469,49.970001220703125,50.11000061035156,47.8636589050293,15968800,49.41526355555352
2021-02-22,49.84999847412109,50.880001068115234,49.66999816894531,50.630001068115234,48.3603515625,14370900,49.10107666478772
2021-02-23,51.0,51.5099983215332,50.41999816894531,50.540000915527344,48.274375915527344,16222300,49.285852441874184
2021-02-24,50.38999938964844,50.900001525878906,50.130001068115234,50.709999084472656,48.43675994873047,14442000,48.996151089856575
2021-02-25,50.470001220703125,50.75,49.97999954223633,50.16999816894531,47.92096710205078,14211100,49.18262951039928
2021-02-26,50.20000076293945,50.209999084472656,48.970001220703125,48.9900016784668,46.79386520385742,23638400,48.97236370919412
2021-03-01,49.43999862670898,50.43999862670898,49.400001525878906,49.900001525878906,47.6630744934082,13901200,48.014513467201006
2021-03-02,49.84000015258789,50.560001373291016,49.70000076293945,50.09999847412109,47.85410690307617,11755100,47.97173002867017
2021-03-03,49.720001220703125,50.560001373291016,49.709999084472656,49.97999954223633,47.73948669433594,15410700,47.405069071130995
2021-03-04,50.310001373291016,51.09000015258789,49.619998931884766,49.93999862670898,47.70127487182617,22036400,47.077776317475454
2021-03-05,50.04999923706055,50.95000076293945,49.900001525878906,50.790000915527344,48.51317596435547,21310800,46.61915829316457
2021-03-08,51.470001220703125,52.4900016784668,51.15999984741211,51.63999938964844,49.32506942749024,25084900,45.353114819697346
2021-03-09,51.720001220703125,51.880001068115234,50.81999969482422,50.86000061035156,48.58003616333008,23082700,46.27308273151162
2021-03-10,51.18000030517578,51.630001068115234,50.720001220703125,51.43999862670898,49.134033203125,21331600,46.46952213325673
2021-03-11,51.40999984741211,51.43000030517578,50.810001373291016,50.880001068115234,48.5991439819336,17417700,46.81913781823237
2021-03-12,50.59000015258789,50.68000030517578,50.20000076293945,50.36000061035156,48.50282669067383,17598600,46.92417314323242
2021-03-15,50.5,51.119998931884766,50.470001220703125,51.02999877929688,49.14811325073242,13411900,46.17161162568069
2021-03-16,51.20000076293945,51.52000045776367,51.040000915527344,51.220001220703125,49.33111190795898,14214200,46.9715801233997
2021-03-17,51.25,51.619998931884766,51.150001525878906,51.2400016784668,49.35037612915039,17502700,46.93744349022185
2021-03-18,51.060001373291016,51.18999862670898,50.4900016784668,50.56999969482422,48.70508193969727,18007300,47.43086808107351
2021-03-19,50.459999084472656,51.08000183105469,50.16999816894531,50.810001373291016,48.93623352050781,67845700,47.88522482333091
2021-03-22,50.31999969482422,51.08000183105469,50.31999969482422,51.0,49.11922073364258,17911400,48.30763800346115
2021-03-23,50.9900016784668,51.650001525878906,50.83000183105469,51.38999938964844,49.49483871459961,16936700,49.136972890041875
2021-03-24,51.16999816894531,51.88999938964844,51.150001525878906,51.52000045776367,49.62004852294922,14997400,49.565909212981325
2021-03-25,51.70000076293945,52.060001373291016,51.16999816894531,52.02000045776367,50.10161209106445,17091900,50.15318275448547
2021-03-26,52.13999938964844,53.11000061035156,51.7599983215332,53.040000915527344,51.0839958190918,17126700,50.74890344766577
2021-03-29,52.72999954223633,53.93999862670898,52.709999084472656,53.84999847412109,51.86412048339844,17514100,52.42630070430021
2021-03-30,53.75,53.790000915527344,52.93000030517578,53.150001525878906,51.18994140625,14871800,53.44133034253718
2021-03-31,53.02999877929688,53.16999816894531,52.5,52.709999084472656,50.76616287231445,15826500,53.94726210485164
2021-04-01,52.959999084472656,53.150001525878906,52.459999084472656,52.5099983215332,50.57353591918945,15834700,54.48847476783041
2021-04-05,52.34999847412109,53.220001220703125,52.290000915527344,52.810001373291016,50.86247634887695,16368700,57.05017645762863
2021-04-06,53.040000915527344,53.650001525878906,52.900001525878906,53.18999862670898,51.22846221923828,15614300,56.484256866316095
2021-04-07,53.27999877929688,53.5,53.119998931884766,53.27999877929688,51.31513977050781,10062700,56.08578946300579
2021-04-08,53.16999816894531,53.380001068115234,52.970001220703125,53.119998931884766,51.16104507446289,9695600,56.0577595207989
2021-04-09,53.16999816894531,53.27999877929688,52.810001373291016,53.18000030517578,51.21883010864258,10828200,55.555191415791505
2021-04-12,53.33000183105469,53.54999923706055,53.09999847412109,53.34999847412109,51.3825569152832,8565300,56.124761912065736
2021-04-13,53.040000915527344,53.290000915527344,52.810001373291016,53.09000015258789,51.13215255737305,11071700,56.03118441373993
2021-04-14,52.97999954223633,53.18999862670898,52.650001525878906,53.08000183105469,51.12251663208008,9787600,55.64461744414395
2021-04-15,53.130001068115234,53.65999984741211,53.119998931884766,53.33000183105469,51.36330032348633,13078100,55.306789348114705
2021-04-16,53.7400016784668,53.79999923706055,53.380001068115234,53.68000030517578,51.70039367675781,17974100,55.16418910936196
2021-04-19,54.0,54.36000061035156,53.29999923706055,54.0,52.00859069824219,19352900,55.24725956362242
2021-04-20,53.84000015258789,54.59000015258789,53.810001373291016,54.16999816894531,52.17232131958008,14419200,55.306556547317385
2021-04-21,54.2400016784668,54.7400016784668,54.2400016784668,54.61000061035156,52.59609603881836,13866500,54.75894185597188
2021-04-22,54.470001220703125,54.869998931884766,54.31999969482422,54.43999862670898,52.43236541748047,12558900,54.76900278179308
2021-04-23,54.400001525878906,54.59000015258789,54.16999816894531,54.470001220703125,52.46125793457031,9020500,54.359578578422514
2021-04-26,54.470001220703125,54.5099983215332,53.58000183105469,53.65999984741211,51.68112564086914,11684600,54.06655233880279
2021-04-27,53.560001373291016,53.70000076293945,53.31999969482422,53.58000183105469,51.60408020019531,9852400,54.0059510763582
2021-04-28,53.97999954223633,54.04999923706055,53.43999862670898,53.59000015258789,51.613712310791016,10868100,53.76120774670345
2021-04-29,53.540000915527344,54.36000061035156,53.43000030517578,54.2599983215332,52.25900268554688,15391000,53.723998094441946
2021-04-30,54.25,54.27000045776367,53.68999862670898,53.97999954223633,51.98933029174805,14912600,53.206121853296985
2021-05-03,54.27000045776367,54.79999923706055,54.15999984741211,54.47999954223633,52.47088623046875,10417900,52.903619240954406
2021-05-04,54.56999969482422,54.619998931884766,53.93999862670898,54.13999938964844,52.14342498779297,14151000,53.54779484684359
2021-05-05,54.13999938964844,54.2400016784668,53.709999084472656,54.0,52.00859069824219,9665900,53.457467937055476
2021-05-06,54.119998931884766,54.61000061035156,54.04999923706055,54.540000915527344,52.5286750793457,11572700,53.42959595561059
2021-05-07,54.43999862670898,54.77000045776367,54.15999984741211,54.5099983215332,52.49977493286133,10637500,53.54521746501153
2021-05-10,54.880001068115234,55.5,54.83000183105469,54.90999984741211,52.88502883911133,15545800,53.649372020377555
2021-05-11,55.02999877929688,55.13999938964844,54.04999923706055,54.31999969482422,52.31678771972656,12986700,54.249681671328474
2021-05-12,54.36000061035156,54.560001373291016,53.880001068115234,54.040000915527344,52.047119140625,15836500,54.757280669574904
2021-05-13,53.970001220703125,54.77999877929688,53.83000183105469,54.5099983215332,52.49977493286133,15475800,54.486968716102666
2021-05-14,54.900001525878906,55.09999847412109,54.68999862670898,54.72999954223633,52.711669921875,11725300,54.6525201095349
2021-05-17,54.84000015258789,55.02000045776367,54.5,54.63999938964844,52.6249885559082,12119800,55.06155817991001
2021-05-18,54.38999938964844,54.560001373291016,54.09999847412109,54.34000015258789,52.33605194091797,13232500,55.70927579365876
2021-05-19,54.119998931884766,54.18000030517578,53.61000061035156,54.16999816894531,52.17232131958008,15126100,55.50995063292738
2021-05-20,54.119998931884766,54.79999923706055,54.119998931884766,54.650001525878906,52.63462066650391,10948400,55.1789629177325
2021-05-21,54.79999923706055,55.119998931884766,54.220001220703125,54.619998931884766,52.6057243347168,16033200,55.16663782408044
2021-05-24,54.630001068115234,54.93000030517578,54.4900016784668,54.79999923706055,52.779083251953125,10326100,55.41320352423398
2021-05-25,54.81999969482422,54.81999969482422,54.34999847412109,54.790000915527344,52.76945877075195,11916500,56.04584126664649
2021-05-26,54.97999954223633,55.04999923706055,54.59000015258789,55.02999877929688,53.00060272216797,16064300,55.84089251352505
2021-05-27,55.209999084472656,55.56999969482422,54.77999877929688,55.4900016784668,53.443641662597656,59109600,55.8775399181539
2021-05-28,55.34999847412109,55.709999084472656,55.20000076293945,55.290000915527344,53.25102233886719,17011600,55.80184268797554
2021-06-01,55.34000015258789,55.650001525878906,55.09999847412109,55.27999877929688,53.24137878417969,13304000,56.724735626430316
2021-06-02,55.5,55.560001373291016,55.2599983215332,55.5,53.45327377319336,11328500,56.44249310402086
2021-06-03,55.18000030517578,55.7400016784668,55.09999847412109,55.63999938964844,53.58811569213867,17364300,56.37592619699158
2021-06-04,55.900001525878906,56.47999954223633,55.77999877929688,56.2400016784668,54.16598510742188,18935100,56.32027967421548
2021-06-07,56.310001373291016,56.34000015258789,55.810001373291016,56.040000915527344,53.97336196899414,14010800,56.513506693735174
2021-06-08,56.25,56.25,55.54999923706055,55.650001525878906,53.59774017333984,10968300,56.910566235647345
2021-06-09,55.75,55.91999816894531,55.47999954223633,55.47999954223633,53.43400955200195,9838800,56.600410836651115
2021-06-10,55.90999984741211,56.119998931884766,55.7599983215332,55.90999984741211,53.84815216064453,12444400,56.47561762298811
2021-06-11,55.9900016784668,56.209999084472656,55.65999984741211,56.15999984741211,54.08893585205078,11825800,56.281956796794404
2021-06-14,55.68999862670898,55.709999084472656,55.20000076293945,55.54999923706055,53.904563903808594,9710800,56.203881360877894
2021-06-15,55.77999877929688,55.790000915527344,55.18999862670898,55.40999984741211,53.76871109008789,11154200,56.32529987911242
2021-06-16,55.43999862670898,55.459999084472656,54.63999938964844,54.66999816894531,53.050628662109375,15211700,55.95073789877206
2021-06-17,54.66999816894531,55.150001525878906,54.650001525878906,54.95000076293945,53.32233810424805,10658400,55.70708930822914
2021-06-18,54.5099983215332,54.619998931884766,53.720001220703125,53.77000045776367,52.17728805541992,31445600,55.29026056612767
2021-06-21,54.220001220703125,54.43000030517578,54.0,54.36000061035156,52.749813079833984,14404300,54.86732276755637
2021-06-22,54.34000015258789,54.84999847412109,54.2599983215332,54.560001373291016,52.94388961791992,13072800,55.0676194747253
2021-06-23,54.560001373291016,54.59999847412109,54.11000061035156,54.119998931884766,52.51691818237305,12339200,54.48782529357972
2021-06-24,54.2599983215332,54.41999816894531,54.0,54.38999938964844,52.778926849365234,11488400,54.323161570772804
2021-06-25,54.2400016784668,54.470001220703125,54.0099983215332,54.31999969482422,52.71099853515625,18880300,54.032850816027604
2021-06-28,54.25,54.369998931884766,54.0,54.2599983215332,52.65277099609375,10556900,53.58404263409983
2021-06-29,54.130001068115234,54.34000015258789,53.720001220703125,53.86000061035156,52.26462173461914,12300900,53.8463627267073
2021-06-30,53.79999923706055,54.18000030517578,53.75,54.11000061035156,52.50721740722656,14614200,53.618339174750275
2021-07-01,54.34000015258789,54.47999954223633,53.86000061035156,53.959999084472656,52.36166000366211,13214700,53.44481316092552
2021-07-02,54.0,54.45000076293945,54.0,54.18000030517578,52.57514190673828,10604600,53.47840823226075
2021-07-06,53.9900016784668,54.09000015258789,53.54999923706055,53.880001068115234,52.28403091430664,15278200,53.84766465060662
2021-07-07,53.720001220703125,54.380001068115234,53.720001220703125,54.31999969482422,52.71099853515625,14377700,53.72057806900413
2021-07-08,54.0099983215332,54.16999816894531,53.7400016784668,54.130001068115234,52.5266227722168,11943900,53.85804580082542
2021-07-09,54.25,54.52000045776367,54.18000030517578,54.459999084472656,52.84684753417969,10847000,53.86741047116718
2021-07-12,54.31999969482422,54.59999847412109,54.27000045776367,54.47999954223633,52.86625671386719,15107600,54.48294692491354
2021-07-13,54.95000076293945,55.29999923706055,54.75,55.02000045776367,53.390262603759766,15170800,54.96655588747298
2021-07-14,55.02000045776367,56.34999847412109,54.959999084472656,56.2599983215332,54.593528747558594,22002700,54.95208437164453
2021-07-15,56.2400016784668,56.470001220703125,55.90999984741211,56.43999862670898,54.76820373535156,15068200,55.13758919826142
2021-07-16,56.459999084472656,56.68000030517578,56.2599983215332,56.400001525878906,54.72938537597656,14860500,55.49810465762063
2021-07-19,56.08000183105469,56.34999847412109,55.15999984741211,55.72999954223633,54.07923126220703,19527000,56.303185512896775
2021-07-20,55.72999954223633,56.33000183105469,55.52000045776367,55.83000183105469,54.17626953125,16257900,56.737779857028585
2021-07-21,57.33000183105469,57.560001373291016,56.43000030517578,56.54999923706055,54.874942779541016,20918200,56.71870154322018
2021-07-22,56.619998931884766,56.7400016784668,56.04999923706055,56.470001220703125,54.79730987548828,13402700,56.97043285662642
2021-07-23,56.59000015258789,57.33000183105469,56.45000076293945,57.0099983215332,55.321319580078125,12144000,56.95485059173787
2021-07-26,56.88999938964844,57.119998931884766,56.560001373291016,57.060001373291016,55.36983489990234,8681100,57.32872157043706
2021-07-27,57.11000061035156,57.540000915527344,56.91999816894531,57.2599983215332,55.56391143798828,12794400,57.65404375892587
2021-07-28,56.9900016784668,57.15999984741211,56.630001068115234,56.7400016784668,55.0593147277832,9858000,57.43889150266901
2021-07-29,57.06999969482422,57.25,56.86000061035156,57.04999923706055,55.36013412475586,9599100,57.41622615407716
2021-07-30,57.150001525878906,57.25,56.900001525878906,57.02999877929688,55.34072494506836,11727000,57.33158472292105
2021-08-02,57.20000076293945,57.2400016784668,56.709999084472656,56.880001068115234,55.19516754150391,9778000,57.23192221830719
2021-08-03,57.0,57.0,56.75,56.91999816894531,55.23398208618164,8825500,57.433831324456584
2021-08-04,56.75,56.95000076293945,56.0099983215332,56.09999847412109,54.43827438354492,11888400,57.11203797263899
2021-08-05,56.43999862670898,56.59000015258789,56.290000915527344,56.5,54.82642364501953,9806800,57.01939184233218
2021-08-06,56.59999847412109,56.7400016784668,56.43999862670898,56.63999938964844,54.96227645874024,10409300,56.85502879554895
2021-08-09,56.79999923706055,56.880001068115234,56.43000030517578,56.650001525878906,54.97198486328125,8859900,56.57015318365739
2021-08-10,56.84000015258789,57.16999816894531,56.65999984741211,56.79999923706055,55.11753845214844,10906900,56.74853820692997
2021-08-11,56.88999938964844,57.18000030517578,56.709999084472656,56.72999954223633,55.04961013793945,8370700,56.51048623579987
2021-08-12,56.72999954223633,56.97999954223633,56.72999954223633,56.84000015258789,55.15635681152344,6169200,56.53493081479636
2021-08-13,56.810001373291016,57.29999923706055,56.77000045776367,57.22999954223633,55.53479766845703,7714200,56.42433293869254
2021-08-16,57.20000076293945,57.4900016784668,57.02999877929688,57.47999954223633,55.77738952636719,7972000,56.57072251509064
2021-08-17,57.459999084472656,57.560001373291016,57.0099983215332,57.27999877929688,55.58331680297852,10346400,56.95107405631389
2021-08-18,57.18999862670898,57.22999954223633,56.41999816894531,56.5,54.82642364501953,13873700,56.925212250654184
2021-08-19,56.060001373291016,56.97999954223633,55.95000076293945,56.86000061035156,55.17576217651367,9223700,57.0767764011241
2021-08-20,56.84000015258789,57.02999877929688,56.58000183105469,56.63999938964844,54.96227645874024,10543600,57.13253968002874
2021-08-23,56.66999816894531,56.75,56.380001068115234,56.43999862670898,54.76820373535156,8912800,57.718193444259434
2021-08-24,56.63999938964844,56.63999938964844,55.900001525878906,56.0099983215332,54.35093307495117,12067200,58.08060159119418
2021-08-25,56.060001373291016,56.16999816894531,55.72999954223633,56.06999969482422,54.409156799316406,11270700,58.02219252282302
2021-08-26,55.95000076293945,55.97999954223633,55.5099983215332,55.540000915527344,53.89486312866211,10331500,57.98551967834557
2021-08-27,55.65999984741211,55.790000915527344,55.45000076293945,55.650001525878906,54.00160217285156,8844100,57.991757513501284
2021-08-30,55.68999862670898,56.20000076293945,55.63999938964844,56.18000030517578,54.51590347290039,10034700,58.286370470616966
2021-08-31,56.15999984741211,56.52000045776367,56.0,56.310001373291016,54.642051696777344,14185700,58.3463170480974
2021-09-01,56.380001068115234,56.79999923706055,56.27999877929688,56.68999862670898,55.01079940795898,9518900,57.84988311593829
2021-09-02,56.77000045776367,57.02999877929688,56.40999984741211,56.77000045776367,55.08842849731445,11653200,57.72698240354775
2021-09-03,56.459999084472656,56.77000045776367,56.25,56.72999954223633,55.04961013793945,13220400,57.555223574410725
2021-09-07,56.59999847412109,56.68999862670898,55.5099983215332,55.66999816894531,54.0210075378418,20035300,57.82848881688504
2021-09-08,55.61000061035156,56.47999954223633,55.61000061035156,56.41999816894531,54.74878692626953,12040100,57.55085177212605
2021-09-09,56.18000030517578,56.41999816894531,55.79999923706055,55.86000061035156,54.20538330078125,12545400,57.119695582441224
2021-09-10,56.0099983215332,56.130001068115234,55.52000045776367,55.61000061035156,53.96278762817383,10573700,57.079565916435755
2021-09-13,55.7400016784668,56.400001525878906,55.7400016784668,56.06999969482422,54.409156799316406,20274300,56.54597695049512
2021-09-14,55.91999816894531,55.97999954223633,55.54999923706055,55.68999862670898,54.44826889038086,13918900,56.54405668920804
2021-09-15,55.68000030517578,56.0,55.41999816894531,55.880001068115234,54.634037017822266,15746000,56.22554414756978
2021-09-16,55.720001220703125,55.9900016784668,54.81999969482422,55.34999847412109,54.115848541259766,17430400,55.94658774283831
2021-09-17,55.02000045776367,55.18999862670898,54.369998931884766,54.43999862670898,53.22613906860352,33370200,55.702138734507805
2021-09-20,54.11000061035156,54.400001525878906,53.72999954223633,54.060001373291016,52.8546142578125,27542500,55.33594401078384
2021-09-21,54.38999938964844,54.81999969482422,53.93999862670898,54.04999923706055,52.8448371887207,16418200,55.42581289288789
2021-09-22,54.5099983215332,54.560001373291016,54.060001373291016,54.130001068115234,52.92304992675781,12719700,55.07822775341559
2021-09-23,54.2599983215332,54.619998931884766,54.0,54.040000915527344,52.83506393432617,13836200,54.79474252996293
2021-09-24,54.0,54.2400016784668,53.86000061035156,53.88999938964844,52.68840408325195,9682200,54.712561663618224
2021-09-27,53.84999847412109,54.25,53.56999969482422,53.61000061035156,52.41464614868164,12429500,54.13483805156994
2021-09-28,53.459999084472656,53.459999084472656,52.43000030517578,52.63999938964844,51.466270446777344,19926100,54.51823863321401
2021-09-29,52.63999938964844,53.15999984741211,52.560001373291016,52.959999084472656,51.779144287109375,13941500,54.10417515774465
2021-09-30,53.16999816894531,53.33000183105469,52.43000030517578,52.470001220703125,51.30006790161133,17672000,53.88180894784052
2021-10-01,52.77999877929688,53.20000076293945,52.56999969482422,53.02000045776367,51.83780288696289,16277400,53.77815981455407
2021-10-04,53.060001373291016,53.52999877929688,52.400001525878906,52.9900016784668,51.808475494384766,18973400,53.43088632083629
2021-10-05,53.02000045776367,53.470001220703125,52.93000030517578,53.08000183105469,51.89646530151367,17173100,53.73260061594558
2021-10-06,52.77000045776367,53.77000045776367,52.5099983215332,53.709999084472656,52.51241683959961,21284500,53.38242766936625
2021-10-07,53.9900016784668,54.27999877929688,53.810001373291016,53.880001068115234,52.67863082885742,13774400,53.252656981128766
2021-10-08,54.0,54.38999938964844,53.900001525878906,54.119998931884766,52.913272857666016,13786800,53.18982091030827
2021-10-11,54.209999084472656,54.38999938964844,54.0099983215332,54.22999954223633,53.02082061767578,12378500,53.23147759233222
2021-10-12,54.41999816894531,54.83000183105469,54.220001220703125,54.22999954223633,53.02082061767578,19474400,53.53902198078832
2021-10-13,54.16999816894531,54.43000030517578,53.790000915527344,54.2400016784668,53.03060150146485,12143300,53.39724475602703
2021-10-14,54.38999938964844,54.810001373291016,54.310001373291016,54.61000061035156,53.39234924316406,13704000,53.450346409768095
2021-10-15,54.63999938964844,54.880001068115234,54.290000915527344,54.47999954223633,53.26524353027344,17867000,53.35533310466255
2021-10-18,54.34999847412109,54.38999938964844,53.86000061035156,53.93999862670898,52.73728942871094,15861800,53.190180451745256
2021-10-19,54.040000915527344,54.20000076293945,53.77000045776367,54.150001525878906,52.94260787963867,11068500,53.43819924618292
2021-10-20,54.18000030517578,54.7599983215332,54.11000061035156,54.630001068115234,53.411903381347656,12474800,53.17628688018987
2021-10-21,54.59999847412109,54.66999816894531,54.209999084472656,54.34999847412109,53.138145446777344,14388300,53.14079880723469
2021-10-22,54.38999938964844,54.52999877929688,54.06999969482422,54.45000076293945,53.23591613769531,12828600,53.30291214720058
2021-10-25,54.380001068115234,54.470001220703125,54.02000045776367,54.22999954223633,53.02082061767578,11855000,53.01825792507361
2021-10-26,54.31999969482422,54.58000183105469,54.22999954223633,54.470001220703125,53.255470275878906,12086700,53.45061420230903
2021-10-27,55.970001220703125,56.08000183105469,55.27000045776367,55.52000045776367,54.28206253051758,24019800,53.4210555831656
2021-10-28,55.75,56.11000061035156,55.619998931884766,56.040000915527344,54.79046630859375,15928000,53.979349139858726
2021-10-29,55.869998931884766,56.470001220703125,55.77999877929688,56.369998931884766,55.11310195922852,24463700,54.18764420484547
2021-11-01,56.38999938964844,56.400001525878906,55.900001525878906,56.16999816894531,54.91756439208984,11651100,54.73900650572443
2021-11-02,56.470001220703125,56.5,55.970001220703125,56.09999847412109,54.84912490844727,11498900,55.427921814324606
2021-11-03,56.0,56.33000183105469,55.77999877929688,56.290000915527344,55.034889221191406,10788300,55.638089456536775
2021-11-04,56.11000061035156,56.630001068115234,56.02999877929688,56.59999847412109,55.33797836303711,10820200,55.876094788767155
2021-11-05,56.84000015258789,57.15999984741211,56.59000015258789,56.84000015258789,55.57262802124024,12886700,56.20418839208095
2021-11-08,56.75,56.88999938964844,56.130001068115234,56.33000183105469,55.07400131225586,12828000,57.00238782360526
2021-11-09,56.40999984741211,56.52000045776367,56.09000015258789,56.4900016784668,55.23043441772461,10155800,57.31672824203907
2021-11-10,56.540000915527344,56.91999816894531,56.290000915527344,56.720001220703125,55.45530319213867,8813600,57.22889826101098
2021-11-11,56.83000183105469,56.880001068115234,56.56999969482422,56.7400016784668,55.474857330322266,7257700,59.20836960202618
2021-11-12,56.75,56.9900016784668,56.54999923706055,56.61000061035156,55.34775924682617,10162500,57.35621136763068
2021-11-15,56.52999877929688,56.68000030517578,56.27000045776367,56.619998931884766,55.35752868652344,10289200,57.607320221801636
2021-11-16,56.619998931884766,56.93999862670898,56.18999862670898,56.220001220703125,54.966453552246094,13756500,57.802981379346946
2021-11-17,56.040000915527344,56.04999923706055,55.650001525878906,55.90999984741211,54.663360595703125,13288700,57.53505516944956
2021-11-18,55.83000183105469,55.93000030517578,55.13999938964844,55.40999984741211,54.17451477050781,15380100,57.339568994185086
2021-11-19,55.43999862670898,55.4900016784668,54.900001525878906,55.130001068115234,53.9007568359375,15813700,56.89545959717212
2021-11-22,55.09999847412109,56.02000045776367,55.08000183105469,55.470001220703125,54.233177185058594,16905600,56.784493901388025
2021-11-23,55.65999984741211,56.11000061035156,55.5,55.880001068115234,54.634037017822266,13835900,56.73079973471996
2021-11-24,55.709999084472656,55.84000015258789,55.02999877929688,55.43000030517578,54.194068908691406,12598900,56.33845004058409
2021-11-26,54.59000015258789,54.75,53.58000183105469,53.72999954223633,52.5319709777832,14754300,56.03523242213644
2021-11-29,54.04999923706055,54.72999954223633,53.93000030517578,54.58000183105469,53.36301803588867,22712500,55.585641451404385
2021-11-30,53.59999847412109,53.630001068115234,52.43999862670898,52.45000076293945,51.678184509277344,30485200,55.521345720653116
2021-12-01,52.97999954223633,53.52000045776367,52.27999877929688,52.29999923706055,51.530391693115234,18719600,55.04003990156708
2021-12-02,52.59999847412109,53.34000015258789,52.5099983215332,53.06999969482422,52.289058685302734,17074200,54.66131066119293
2021-12-03,53.33000183105469,53.61000061035156,52.97999954223633,53.540000915527344,52.75214385986328,21064400,54.431596802189894
2021-12-06,54.310001373291016,55.25,54.13999938964844,54.90999984741211,54.10198211669922,26624100,54.19327887592318
2021-12-07,55.02000045776367,55.41999816894531,54.84999847412109,55.209999084472656,54.39756774902344,23832700,54.39198292716893
2021-12-08,55.119998931884766,55.34999847412109,54.36000061035156,55.0,54.19065856933594,18026300,54.315144350607326
2021-12-09,54.75,55.130001068115234,54.59000015258789,54.86000061035156,54.05271911621094,13846400,54.41225595519613
2021-12-10,55.25,56.31999969482422,55.06999969482422,56.27999877929688,55.45182418823242,23153600,54.43354411968726
2021-12-13,56.97999954223633,57.93000030517578,56.959999084472656,57.7599983215332,56.9100456237793,31362800,54.64976590746838
2021-12-14,57.400001525878906,58.16999816894531,57.400001525878906,57.79999923706055,56.9494514465332,24806600,55.20300076263617
2021-12-15,57.93000030517578,58.25,57.650001525878906,58.060001373291016,57.20563125610352,24923800,55.43884768578975
2021-12-16,57.97999954223633,58.880001068115234,57.900001525878906,58.650001525878906,57.78694915771485,24696900,55.72335139867478
2021-12-17,58.4900016784668,58.91999816894531,57.70000076293945,57.72999954223633,56.88048553466797,51874400,56.20068519807856
2021-12-20,57.20000076293945,57.77999877929688,57.0,57.540000915527344,56.69328308105469,20879500,56.363890718622045
2021-12-21,57.61000061035156,57.970001220703125,57.52999877929688,57.77000045776367,56.919898986816406,15864900,56.68455741119572
2021-12-22,57.709999084472656,58.18999862670898,57.4900016784668,58.18000030517578,57.3238639831543,12447400,56.56919301353842
2021-12-23,58.52000045776367,58.61000061035156,57.93999862670898,58.220001220703125,57.363277435302734,11027300,56.622695584789945
2021-12-27,58.0,58.68999862670898,58.0,58.650001525878906,57.78694915771485,9860000,56.28532616053049
2021-12-28,58.400001525878906,58.93999862670898,58.29999923706055,58.880001068115234,58.01356506347656,8979900,56.50143288145743
2021-12-29,58.95000076293945,59.09999847412109,58.65999984741211,58.95000076293945,58.08253479003906,9996000,56.48290391558926
2021-12-30,59.060001373291016,59.22999954223633,58.7599983215332,58.77999877929688,57.915035247802734,7703900,56.9376419241688
2021-12-31,58.75,59.34999847412109,58.70000076293945,59.209999084472656,58.33870697021485,10021300,56.97221899353068
2022-01-03,58.81999969482422,59.310001373291016,58.380001068115234,59.29999923706055,58.42738342285156,20187300,56.154119200821384
2022-01-04,59.72999954223633,60.540000915527344,59.59000015258789,60.290000915527344,59.40281295776367,26141600,56.64025691975311
2022-01-05,60.09000015258789,61.20000076293945,60.04999923706055,60.790000915527344,59.89545822143555,22507300,56.89571143999008
2022-01-06,60.470001220703125,61.119998931884766,60.43999862670898,60.470001220703125,59.580169677734375,17902300,57.13347172278911
2022-01-07,60.27999877929688,60.720001220703125,60.060001373291016,60.33000183105469,59.44222640991211,12307900,57.73639559798985
2022-01-10,60.54999923706055,60.81999969482422,60.18000030517578,60.43000030517578,59.54075622558594,20954300,57.592520450995785
2022-01-11,60.43000030517578,60.4900016784668,59.84000015258789,60.45000076293945,59.56045913696289,19369600,58.41945708167322
2022-01-12,60.52999877929688,60.68999862670898,60.18999862670898,60.540000915527344,59.64913558959961,15753800,58.456952738453495
2022-01-13,60.540000915527344,61.040000915527344,60.38999938964844,60.900001525878906,60.00383758544922,14318000,58.58083875788445
2022-01-14,60.93999862670898,61.45000076293945,60.36000061035156,61.38999938964844,60.486629486083984,19729600,58.70060276938252
2022-01-18,61.060001373291016,61.18999862670898,60.45000076293945,60.900001525878906,60.00383758544922,21976700,59.399940510508415
2022-01-19,60.65999984741211,61.18000030517578,60.560001373291016,61.0,60.10236740112305,18654700,59.7368616483382
2022-01-20,61.0,61.43999862670898,60.720001220703125,60.75,59.85604476928711,23002400,59.857891667330485
2022-01-21,61.08000183105469,61.29999923706055,60.400001525878906,60.45000076293945,59.56045913696289,26643200,60.097138109696374
2022-01-24,59.900001525878906,60.34999847412109,58.56999969482422,59.959999084472656,59.07767105102539,30185100,60.64760719954381
2022-01-25,59.36000061035156,60.04999923706055,58.68999862670898,59.81999969482422,58.93973159790039,19027100,60.962278471214375
2022-01-26,59.790000915527344,60.34999847412109,59.209999084472656,59.59999847412109,58.72296905517578,19190200,60.60614432274264
2022-01-27,59.880001068115234,60.93000030517578,59.5,59.650001525878906,58.77223587036133,18893800,60.62785489553799
2022-01-28,59.38999938964844,60.88999938964844,58.93999862670898,60.84000015258789,59.94472122192383,19101500,60.61167395473636
2022-01-31,60.29999923706055,61.13999938964844,60.150001525878906,61.0099983215332,60.11221694946289,22045300,60.652111635662116
2022-02-01,60.90999984741211,61.13999938964844,60.15999984741211,60.560001373291016,59.66884613037109,20841700,60.97824805514684
2022-02-02,60.619998931884766,61.27000045776367,60.560001373291016,61.18000030517578,60.27972030639648,20225600,60.92530203495873
2022-02-03,60.93999862670898,61.77999877929688,60.59000015258789,61.61000061035156,60.703392028808594,19440500,61.14849803086886
2022-02-04,61.4900016784668,61.68000030517578,60.56999969482422,60.959999084472656,60.06295394897461,17403700,61.095712222640294
2022-02-07,61.380001068115234,61.720001220703125,60.86000061035156,61.59999847412109,60.69353485107422,17846400,61.406312662529125
2022-02-08,61.83000183105469,62.33000183105469,61.7400016784668,62.0,61.087650299072266,18771700,61.718906588508105
2022-02-09,62.16999816894531,62.31999969482422,60.900001525878906,61.040000915527344,60.14178085327149,23595600,61.69789553640067
2022-02-10,60.36000061035156,62.29999923706055,60.20000076293945,61.380001068115234,60.47677612304688,23561500,61.78027411160435
2022-02-11,61.77000045776367,61.97999954223633,60.150001525878906,60.290000915527344,59.40281295776367,22781400,61.410013157722474
2022-02-14,60.15999984741211,60.790000915527344,59.27999877929688,60.68000030517578,59.78707504272461,23641300,61.6455344940725
2022-02-15,60.959999084472656,61.77999877929688,60.630001068115234,60.90999984741211,60.01369094848633,13408700,61.67778394454994
2022-02-16,60.86000061035156,61.400001525878906,60.560001373291016,60.900001525878906,60.00383758544922,15484700,61.23729185266262
2022-02-17,60.54999923706055,62.27999877929688,60.40999984741211,62.119998931884766,61.20588302612305,21468700,60.89920142406544
2022-02-18,62.119998931884766,62.81999969482422,61.9900016784668,62.540000915527344,61.61970520019531,21975000,60.77318265666239
2022-02-22,62.43000030517578,62.63999938964844,61.720001220703125,62.27999877929688,61.363529205322266,21731400,60.7495014170355
2022-02-23,62.2400016784668,62.33000183105469,61.34000015258789,61.59000015258789,60.683685302734375,19248500,60.759373273175804
2022-02-24,59.970001220703125,60.619998931884766,59.220001220703125,60.5099983215332,59.61957550048828,27207400,60.81363911450855
2022-02-25,60.93999862670898,62.900001525878906,60.91999816894531,62.84999847412109,61.925140380859375,21487800,60.54233696256598
2022-02-28,61.650001525878906,62.34000015258789,61.40999984741211,62.2400016784668,61.32411956787109,25879100,59.700669857536674
2022-03-01,62.13999938964844,62.75,61.5099983215332,61.970001220703125,61.0580940246582,15871100,60.06031023296866
2022-03-02,62.22999954223633,62.880001068115234,61.77999877929688,62.43000030517578,61.511322021484375,17319100,59.94215100471474
2022-03-03,62.61000061035156,63.02000045776367,62.290000915527344,62.470001220703125,61.55073547363281,21262800,60.167617063022
2022-03-04,61.459999084472656,62.59000015258789,61.20000076293945,62.56999969482422,61.64926528930664,17163000,60.31910315863018
2022-03-07,62.0099983215332,62.06999969482422,60.720001220703125,61.08000183105469,60.181190490722656,29151400,59.38625095789073
2022-03-08,61.45000076293945,61.540000915527344,58.59000015258789,58.65999984741211,57.79679870605469,30242100,59.85906640086858
2022-03-09,59.81999969482422,59.84000015258789,58.65999984741211,58.959999084472656,58.092384338378906,23022700,59.66138463100848
2022-03-10,58.47999954223633,58.65999984741211,57.5,57.880001068115234,57.02827835083008,20887300,59.49692932678806
2022-03-11,57.959999084472656,58.84999847412109,57.86000061035156,57.91999816894531,57.06768798828125,19855600,59.08765908350904
2022-03-14,57.970001220703125,59.040000915527344,57.970001220703125,58.540000915527344,58.12008666992188,17799400,57.598726241450706
2022-03-15,59.08000183105469,59.88999938964844,58.97999954223633,59.619998931884766,59.19233703613281,18607200,57.63555571326412
2022-03-16,59.77999877929688,59.93999862670898,58.61000061035156,59.459999084472656,59.033485412597656,17347300,57.458795184737674
2022-03-17,59.459999084472656,60.13999938964844,59.22999954223633,60.09000015258789,59.658966064453125,15586200,57.281598620825015
2022-03-18,60.29999923706055,60.29999923706055,59.709999084472656,60.09999847412109,59.66889572143555,30197800,57.532756492891856
2022-03-21,60.5,61.09999847412109,60.25,60.58000183105469,60.14545440673828,17440100,57.62544498472486
2022-03-22,60.93000030517578,60.95000076293945,60.060001373291016,60.79999923706055,60.36387252807617,17559500,58.56493020147109
2022-03-23,60.75,60.97999954223633,60.0,60.400001525878906,59.96674346923828,15529200,58.501055120027736
2022-03-24,60.63999938964844,61.02000045776367,60.459999084472656,60.97999954223633,60.54258346557617,13151300,58.799912380873906
2022-03-25,61.119998931884766,61.61000061035156,61.04999923706055,61.52999877929688,61.08863830566406,12259800,59.281627207229434
2022-03-28,61.52999877929688,61.93999862670898,61.209999084472656,61.91999816894531,61.47583770751953,11485200,59.616092057849784
2022-03-29,62.209999084472656,62.52999877929688,61.7400016784668,62.15999984741211,61.71411895751953,14720600,60.19423395700627
2022-03-30,62.0099983215332,62.209999084472656,61.560001373291016,62.209999084472656,61.76375961303711,13641000,60.63178315481176
2022-03-31,62.220001220703125,62.63999938964844,62.0,62.0,61.555267333984375,16822900,60.84255656262403
2022-04-01,62.33000183105469,62.95000076293945,62.09000015258789,62.869998931884766,62.41902542114258,12644900,61.328697590832476
2022-04-04,62.59999847412109,62.790000915527344,61.720001220703125,62.540000915527344,62.09139251708984,11505800,62.238924181376944
2022-04-05,62.400001525878906,63.2400016784668,62.369998931884766,62.470001220703125,62.02189636230469,15721200,62.95431736599475
2022-04-06,62.77000045776367,63.2599983215332,62.29999923706055,63.09999847412109,62.64737319946289,19267400,63.02641437722826
2022-04-07,63.130001068115234,63.66999816894531,62.709999084472656,63.43999862670898,62.98493576049805,13960800,63.20872509250653
2022-04-08,63.47999954223633,64.04000091552734,63.15999984741211,63.83000183105469,63.37214279174805,12703500,63.480408791074254
2022-04-11,63.90999984741211,64.30000305175781,63.63999938964844,63.810001373291016,63.3522834777832,12720100,64.23691967339164
2022-04-12,64.37999725341797,64.80999755859375,63.88999938964844,64.55999755859375,64.0969009399414,18089900,64.64507497994293
2022-04-13,64.44000244140625,64.87000274658203,64.2300033569336,64.7300033569336,64.26568603515625,11883000,64.59148881197527
2022-04-14,64.95999908447266,65.56999969482422,64.81999969482422,65.0199966430664,64.55360412597656,16388400,64.70386970017009
2022-04-18,64.7699966430664,65.18000030517578,64.18000030517578,64.44000244140625,63.97776794433594,11679400,65.47593455188628
2022-04-19,64.5,65.25,64.44000244140625,65.06999969482422,64.60324096679688,11993800,65.53801080026645
2022-04-20,65.44000244140625,66.23999786376953,65.4000015258789,65.95999908447266,65.48686218261719,14827100,65.14684239936757
2022-04-21,65.9800033569336,67.0,65.72000122070312,66.20999908447266,65.73506927490234,15120400,65.13807892515108
2022-04-22,66.08000183105469,66.33999633789062,65.18000030517578,65.25,64.78195190429688,14902200,65.12426547461095
2022-04-25,67.0,67.19999694824219,64.77999877929688,65.94000244140625,65.46701049804688,25082000,65.00408319685019
2022-04-26,65.5199966430664,66.37000274658203,65.04000091552734,65.05000305175781,64.58338928222656,21982600,65.39654959613453
2022-04-27,65.0,66.27999877929688,65.0,65.55999755859375,65.08972930908203,16971000,65.13113807975938
2022-04-28,64.66000366210938,66.27999877929688,64.5,66.19000244140625,65.7152099609375,22010600,64.92470164176349
2022-04-29,65.87000274658203,66.02999877929688,64.48999786376953,64.61000061035156,64.14654541015625,20137100,64.93174409402036
2022-05-02,65.27999877929688,65.30999755859375,62.58000183105469,63.43999862670898,62.98493576049805,24970300,64.79864785640788
2022-05-03,63.720001220703125,63.93999862670898,62.66999816894531,63.08000183105469,62.62752151489258,21686300,65.05574001038431
2022-05-04,63.0,65.12000274658203,62.93999862670898,65.02999877929688,64.56352996826172,19780200,64.59167060506665
2022-05-05,64.69000244140625,65.02999877929688,64.01000213623047,64.51000213623047,64.0472640991211,20155200,64.39815389877522
2022-05-06,64.19999694824219,65.30999755859375,64.06999969482422,64.73999786376953,64.2756118774414,18984000,64.46109350388464
2022-05-09,64.47000122070312,65.36000061035156,64.04000091552734,64.61000061035156,64.14654541015625,20055300,64.35740342897783
2022-05-10,64.5,65.31999969482422,63.84999847412109,64.01000213623047,63.55084991455078,21322200,64.58140104740144
2022-05-11,64.33000183105469,65.19999694824219,63.959999084472656,64.30999755859375,63.84869384765625,19648400,64.46867393682591
2022-05-12,64.16000366210938,64.52999877929688,63.209999084472656,64.51000213623047,64.0472640991211,22574700,64.50453965854734
2022-05-13,64.80999755859375,65.80000305175781,64.12000274658203,65.72000122070312,65.24858093261719,16167000,64.55744124332159
2022-05-16,65.44000244140625,66.37999725341797,65.44000244140625,65.95999908447266,65.48686218261719,13223200,64.75093664312308
2022-05-17,66.0999984741211,66.0999984741211,65.01000213623047,65.77999877929688,65.30815124511719,21300600,65.2848750439317
2022-05-18,65.41999816894531,65.5199966430664,60.959999084472656,61.20000076293945,60.76100540161133,31437300,65.3530371229356
2022-05-19,60.959999084472656,60.959999084472656,59.65999984741211,60.0,59.56961441040039,31493900,65.49692394251362
2022-05-20,60.4900016784668,61.2400016784668,59.65999984741211,60.97999954223633,60.54258346557617,29133800,65.12578253636863
2022-05-23,61.650001525878906,63.09999847412109,61.59000015258789,62.86000061035156,62.40909957885742,19406900,64.97666387950171
2022-05-24,62.880001068115234,64.19000244140625,62.75,64.0199966430664,63.56077194213867,16154200,64.96287642250543
2022-05-25,64.0,64.47000122070312,63.59999847412109,64.06999969482422,63.61041641235352,15360500,64.61783869238913
2022-05-26,64.06999969482422,65.0999984741211,63.959999084472656,64.30000305175781,63.83877182006836,16159800,64.65423027687429
2022-05-27,64.26000213623047,64.83000183105469,64.13999938964844,64.68000030517578,64.2160415649414,17709000,64.75746225661202
2022-05-31,64.08000183105469,64.31999969482422,63.04999923706055,63.380001068115234,62.92536926269531,43159000,65.33297887376747
2022-06-01,63.41999816894531,63.68000030517578,62.130001068115234,63.06999969482422,62.61759185791016,15408300,65.16927496663486
2022-06-02,63.18000030517578,63.7400016784668,62.11000061035156,63.72999954223633,63.272857666015625,14586000,64.98508888308795
2022-06-03,63.56999969482422,63.630001068115234,62.810001373291016,62.970001220703125,62.518310546875,13539900,64.91194606483933
2022-06-06,63.33000183105469,63.77000045776367,62.65999984741211,62.869998931884766,62.41902542114258,15112800,64.95929432065955
2022-06-07,62.380001068115234,63.369998931884766,62.220001220703125,63.25,62.79629898071289,17886300,64.97403489732166
2022-06-08,62.9900016784668,63.209999084472656,62.560001373291016,62.88999938964844,62.43888092041016,10211500,64.58777704030202
2022-06-09,62.869998931884766,63.34999847412109,61.77999877929688,61.79999923706055,61.3567008972168,13382200,64.35181785616061
2022-06-10,61.0099983215332,61.88999938964844,60.459999084472656,61.40999984741211,60.96949768066406,14967600,64.2454099960508
2022-06-13,60.75,62.290000915527344,60.66999816894531,61.34000015258789,60.900001525878906,23064200,63.822268396893804
2022-06-14,60.72999954223633,60.88999938964844,58.65999984741211,59.22999954223633,59.22999954223633,24620000,63.600394246103534
2022-06-15,60.0,60.63999938964844,58.970001220703125,59.66999816894531,59.66999816894531,19684700,62.96220813347435
2022-06-16,58.63999938964844,59.52000045776367,58.25,59.06999969482422,59.06999969482422,15053800,62.317741669225164
2022-06-17,59.70000076293945,60.130001068115234,59.130001068115234,59.43000030517578,59.43000030517578,34781900,61.801599682506
2022-06-21,59.4900016784668,60.880001068115234,59.0099983215332,60.70000076293945,60.70000076293945,17705000,60.98050342925122
2022-06-22,60.59999847412109,61.45000076293945,60.31999969482422,61.150001525878906,61.150001525878906,15207100,60.57797373645066
2022-06-23,61.29999923706055,61.90999984741211,61.22999954223633,61.880001068115234,61.880001068115234,17190900,60.301277423163775
2022-06-24,62.11000061035156,63.060001373291016,62.11000061035156,63.040000915527344,63.040000915527344,18147100,60.125283204965825
2022-06-27,62.97999954223633,63.290000915527344,62.630001068115234,62.90999984741211,62.90999984741211,12142100,59.7912168045114
2022-06-28,63.08000183105469,63.7599983215332,62.11000061035156,62.27999877929688,62.27999877929688,13150100,60.506981387901696
2022-06-29,62.540000915527344,63.11000061035156,62.43000030517578,62.72999954223633,62.72999954223633,11795500,60.458947423577136
2022-06-30,62.31999969482422,63.11000061035156,62.15999984741211,62.90999984741211,62.90999984741211,15514200,60.65486458998205
2022-07-01,63.119998931884766,64.44999694824219,62.81999969482422,64.37999725341797,62.9808235168457,15143200,60.58584543081005
2022-07-05,64.18000030517578,64.18000030517578,62.41999816894531,63.27999877929688,61.90473175048828,15921200,60.87822648785306
2022-07-06,63.59999847412109,64.08999633789062,63.18999862670898,63.40999984741211,62.03190231323242,13450500,61.170175699382
2022-07-07,63.2599983215332,63.58000183105469,62.70000076293945,62.90999984741211,61.54277038574219,14828400,61.20112063588103
2022-07-08,63.02999877929688,63.41999816894531,62.880001068115234,63.13999938964844,61.76777267456055,11311500,61.57347419443589
2022-07-11,62.9900016784668,63.459999084472656,62.59000015258789,62.93999862670898,61.57211685180664,12702100,61.87623924737675
2022-07-12,63.0,63.45000076293945,62.470001220703125,62.66999816894531,61.307987213134766,14731100,62.375648583921155
2022-07-13,62.33000183105469,63.0,61.97999954223633,62.380001068115234,61.0242919921875,13145300,62.458699081445175
2022-07-14,61.33000183105469,62.25,61.29999923706055,62.18000030517578,60.8286361694336,14433000,62.578889178948415
2022-07-15,62.75,62.970001220703125,62.06999969482422,62.5,61.14168167114258,21968400,62.55368030081122
2022-07-18,62.52000045776367,62.560001373291016,61.5099983215332,61.650001525878906,60.310157775878906,10780800,62.97289896962983
2022-07-19,62.09000015258789,62.650001525878906,61.93000030517578,62.52999877929688,61.17102813720703,10998200,63.323334880408474
2022-07-20,62.400001525878906,62.58000183105469,61.150001525878906,61.5,60.16341781616211,11010500,63.18789253646984
2022-07-21,61.2599983215332,61.880001068115234,60.790000915527344,61.36000061035156,60.026458740234375,11959600,63.039359354213914
2022-07-22,61.380001068115234,61.869998931884766,61.31999969482422,61.59000015258789,60.251461029052734,11644700,63.152981656483824
2022-07-25,61.54999923706055,62.29999923706055,61.310001373291016,62.18999862670898,60.838417053222656,14941700,63.3592191748375
2022-07-26,62.75,63.79999923706055,62.52999877929688,63.209999084472656,61.83625030517578,20118000,63.342438344183705
2022-07-27,62.880001068115234,63.18999862670898,61.790000915527344,63.0099983215332,61.64059829711914,12142900,63.2307313309826
2022-07-28,62.91999816894531,64.25,62.88999938964844,64.05999755859375,62.66777801513672,10837000,63.1502376006036
2022-07-29,63.709999084472656,64.29000091552734,63.630001068115234,64.16999816894531,62.775386810302734,13734200,63.10759802395414
2022-08-01,64.08999633789062,65.04000091552734,64.02999877929688,64.5199966430664,63.11777877807617,12831500,63.124409660378475
2022-08-02,64.58999633789062,64.5999984741211,63.43000030517578,63.63999938964844,62.25690841674805,15241900,63.38320697284215
2022-08-03,63.54999923706055,64.0999984741211,63.310001373291016,63.91999816894531,62.53082275390625,11317000,63.22563219907614
2022-08-04,63.63999938964844,63.72999954223633,62.91999816894531,63.66999816894531,62.286251068115234,11795600,63.218724421623875
2022-08-05,63.630001068115234,63.630001068115234,62.66999816894531,63.380001068115234,62.002559661865234,10445400,63.14574541639351
2022-08-08,63.5,63.810001373291016,62.75,62.970001220703125,61.60146713256836,9165200,62.989923462727695
2022-08-09,63.18000030517578,63.310001373291016,62.84999847412109,63.04999923706055,61.67972946166992,7910900,63.21318079223605
2022-08-10,63.630001068115234,63.790000915527344,63.09999847412109,63.650001525878906,62.266693115234375,8857300,63.02387312295178
2022-08-11,63.68999862670898,63.9900016784668,63.08000183105469,63.220001220703125,61.846038818359375,8507800,63.02910975995955
2022-08-12,63.43000030517578,63.7599983215332,63.09000015258789,63.70000076293945,62.31560516357422,9489300,62.96449219588479
2022-08-15,63.63999938964844,64.69000244140625,63.56999969482422,64.5,63.09822082519531,9863300,62.85024927342649
2022-08-16,64.56999969482422,65.2300033569336,64.33000183105469,65.02999877929688,63.61669921875,9569600,63.1970539963981
2022-08-17,64.83000183105469,65.22000122070312,64.76000213623047,64.87999725341797,63.46995544433594,8144000,63.20314236106225
2022-08-18,64.95999908447266,65.3499984741211,64.70999908447266,65.22000122070312,63.80257415771485,6532000,63.167001933587365
2022-08-19,65.20999908447266,65.47000122070312,64.95999908447266,65.16999816894531,63.7536506652832,8921100,63.4581425065519
2022-08-22,64.83999633789062,64.91999816894531,63.9900016784668,64.19999694824219,62.80473327636719,9087900,63.70432739040808
2022-08-23,63.81999969482422,64.37000274658203,63.68000030517578,64.2699966430664,62.87321090698242,8443800,64.11889387606404
2022-08-24,64.23999786376953,64.58000183105469,64.05000305175781,64.36000061035156,62.96125793457031,6844700,64.17198022965171
2022-08-25,64.36000061035156,64.70999908447266,63.900001525878906,64.66999816894531,63.2645149230957,7913900,63.99288812167966
2022-08-26,64.7300033569336,64.80000305175781,62.97999954223633,63.11000061035156,61.738426208496094,10089500,64.18292440095844
2022-08-29,62.68999862670898,63.02999877929688,62.40999984741211,62.72999954223633,61.36668395996094,9115900,64.47885585555974
2022-08-30,62.90999984741211,62.90999984741211,61.9900016784668,62.150001525878906,60.79928970336914,8456800,64.58614841588376
2022-08-31,62.380001068115234,62.52999877929688,61.70000076293945,61.709999084472656,60.36885070800781,14633600,64.35043768708246
2022-09-01,61.58000183105469,62.040000915527344,61.290000915527344,62.0,60.65254974365234,14939700,64.16872255188879
2022-09-02,62.38999938964844,62.77000045776367,60.900001525878906,61.150001525878906,59.821022033691406,11809800,63.89596223424067
2022-09-06,61.290000915527344,61.970001220703125,60.9900016784668,61.18000030517578,59.850372314453125,12181800,63.8951976976423
2022-09-07,61.31999969482422,62.4900016784668,61.31999969482422,62.310001373291016,60.955814361572266,13290700,63.3545713813842
2022-09-08,62.08000183105469,62.29999923706055,61.34000015258789,62.119998931884766,60.76993942260742,17193500,63.0577884132272
2022-09-09,62.16999816894531,62.880001068115234,61.86000061035156,62.31999969482422,60.96559524536133,11855900,62.96179620293424
2022-09-12,62.43000030517578,62.810001373291016,62.27000045776367,62.5,61.14168167114258,13026900,62.583146060887586
2022-09-13,62.20000076293945,62.220001220703125,60.27999877929688,60.470001220703125,59.155799865722656,18532800,62.6762166939772
2022-09-14,60.63999938964844,61.08000183105469,60.43999862670898,60.790000915527344,59.46884536743164,12881600,62.48011112051971
2022-09-15,60.400001525878906,60.400001525878906,59.36000061035156,59.52999877929688,58.66082000732422,11451900,62.14644011061782
2022-09-16,59.65999984741211,59.79999923706055,59.11000061035156,59.540000915527344,58.67067337036133,20493500,61.762676019969646
2022-09-19,59.38999938964844,60.09999847412109,59.22999954223633,59.9900016784668,59.114105224609375,12596200,61.556993347130735
2022-09-20,59.68000030517578,60.02999877929688,59.31999969482422,59.900001525878906,59.02541732788086,11984600,61.49687566081312
2022-09-21,60.13999938964844,60.70000076293945,59.38999938964844,59.400001525878906,58.53271865844727,14165300,61.05468535105058
2022-09-22,59.54999923706055,59.72999954223633,59.20000076293945,59.2599983215332,58.39476013183594,11657600,60.79350108797029
2022-09-23,58.959999084472656,59.09999847412109,58.0,58.59999847412109,57.7443962097168,14824000,60.63178968328632
2022-09-26,58.4900016784668,58.56999969482422,57.68999862670898,57.869998931884766,57.02505493164063,18670100,60.2637657316616
2022-09-27,58.08000183105469,58.369998931884766,56.310001373291016,56.380001068115234,55.55680847167969,23829300,60.169616846646335
2022-09-28,56.65999984741211,57.25,55.90999984741211,56.97999954223633,56.148048400878906,21480100,59.67271303222105
2022-09-29,57.09000015258789,57.290000915527344,56.0,56.56999969482422,55.74403381347656,14570700,59.30810298188295
2022-09-30,56.869998931884766,57.130001068115234,56.0,56.02000045776367,55.20206832885742,16124600,59.09222249613055
2022-10-03,56.36000061035156,56.84999847412109,56.060001373291016,56.650001525878906,55.822872161865234,16277600,58.80859920205756
2022-10-04,56.95000076293945,57.810001373291016,56.459999084472656,56.77999877929688,55.95096969604492,18861400,58.776487793194754
2022-10-05,56.5,56.650001525878906,55.5099983215332,56.2400016784668,55.41885757446289,14324900,58.48901655693514
2022-10-06,56.0,56.09999847412109,54.869998931884766,55.02999877929688,54.22652053833008,17192800,58.28503373124316
2022-10-07,54.9900016784668,55.09000015258789,54.25,54.5099983215332,53.714111328125,11479800,58.13289345771782
2022-10-10,54.59999847412109,54.959999084472656,54.02000045776367,54.38999938964844,53.59586334228516,10239100,57.81879226583008
2022-10-11,54.459999084472656,55.220001220703125,54.2400016784668,54.47999954223633,53.68455123901367,14303900,57.54248628165444
2022-10-12,55.22999954223633,56.040000915527344,55.040000915527344,55.13999938964844,54.33491516113281,18377400,57.360548676110334
2022-10-13,54.47999954223633,56.08000183105469,54.2599983215332,55.869998931884766,55.05425643920898,16220700,57.134913058626346
2022-10-14,56.290000915527344,56.470001220703125,54.93999862670898,54.97999954223633,54.17724990844727,15997900,56.56178967396367
2022-10-17,55.630001068115234,56.220001220703125,55.56999969482422,55.68999862670898,54.87688446044922,13721400,56.71560635136262
2022-10-18,56.310001373291016,56.77999877929688,56.09999847412109,56.43999862670898,55.61593246459961,11823100,56.8085315562744
2022-10-19,56.310001373291016,56.540000915527344,55.72999954223633,55.959999084472656,55.1429443359375,10182300,56.59368812950826
2022-10-20,55.77000045776367,55.91999816894531,54.959999084472656,55.08000183105469,54.27579498291016,16905100,56.57760371857451
2022-10-21,55.0,56.11000061035156,54.9900016784668,55.959999084472656,55.1429443359375,15034100,56.55821131169206
2022-10-24,56.63999938964844,57.72999954223633,56.56999969482422,57.56999969482422,56.729434967041016,17416700,56.3559969727626
2022-10-25,59.040000915527344,59.11000061035156,57.75,58.95000076293945,58.08928680419922,28829900,56.755392911922144
2022-10-26,59.0099983215332,59.77999877929688,58.86000061035156,59.38999938964844,58.52286148071289,15831400,56.874862892807705
2022-10-27,59.77000045776367,59.84000015258789,59.380001068115234,59.52999877929688,58.66082000732422,16026100,57.07586866041126
2022-10-28,59.56999969482422,60.90999984741211,59.470001220703125,60.7599983215332,59.87285614013672,12888900,57.48476960829434
2022-10-31,60.5099983215332,60.56999969482422,59.66999816894531,59.84999847412109,58.97614288330078,14016400,57.74839895448582
2022-11-01,60.02999877929688,60.290000915527344,59.369998931884766,59.63999938964844,58.76921081542969,10659500,58.326750745193294
2022-11-02,59.63999938964844,60.22999954223633,58.77000045776367,58.810001373291016,57.95133209228516,14549200,58.37538498434013
2022-11-03,58.11000061035156,59.0,58.09999847412109,58.77999877929688,57.92176818847656,9194000,58.44065989314541
2022-11-04,59.29999923706055,59.59000015258789,58.560001373291016,59.2599983215332,58.39476013183594,9725900,58.47525909677055
2022-11-07,59.2599983215332,59.77000045776367,59.2400016784668,59.4900016784668,58.62140655517578,8849700,58.68156736443982
2022-11-08,59.75,59.790000915527344,58.93999862670898,59.59999847412109,58.729793548583984,10081600,58.99332617481951
2022-11-09,59.59000015258789,59.63999938964844,58.75,58.77000045776367,57.91191482543945,10115200,58.862889493503424
2022-11-10,60.25,61.040000915527344,59.68000030517578,60.880001068115234,59.99110794067383,16804800,58.80394703560514
2022-11-11,61.369998931884766,61.45000076293945,60.209999084472656,61.31999969482422,60.4246826171875,18972100,59.95251394518809
2022-11-14,61.31999969482422,61.720001220703125,60.709999084472656,60.72999954223633,59.84329605102539,16361000,58.82879419828808
2022-11-15,61.130001068115234,61.45000076293945,60.0,60.630001068115234,59.74475860595703,13295800,59.14402141365429
2022-11-16,60.790000915527344,61.02999877929688,60.290000915527344,60.52000045776367,59.6363639831543,14199500,59.13997522002384
2022-11-17,60.18999862670898,60.7400016784668,60.130001068115234,60.709999084472656,59.82358932495117,11212600,58.91369502163442
2022-11-18,60.9900016784668,61.369998931884766,60.79999923706055,61.13999938964844,60.24731063842773,10415600,59.033024556977814
2022-11-21,61.40999984741211,62.209999084472656,61.20000076293945,62.08000183105469,61.173587799072266,15399400,58.80328399776288
2022-11-22,62.470001220703125,62.5,62.04999923706055,62.34999847412109,61.43964385986328,12319600,59.06579169896275
2022-11-23,62.4900016784668,62.790000915527344,62.29999923706055,62.630001068115234,61.71555709838867,8990400,59.09840611630488
2022-11-25,62.72999954223633,62.810001373291016,62.380001068115234,62.68999862670898,61.77467727661133,5165500,59.03555841866751
2022-11-28,62.68999862670898,63.09999847412109,62.560001373291016,62.70000076293945,61.7845344543457,12267500,59.06551012088797
2022-11-29,62.52000045776367,62.56999969482422,61.97999954223633,62.47999954223633,61.56774520874024,10969600,59.55557067889322
2022-11-30,62.0099983215332,63.68000030517578,61.75,63.61000061035156,63.12579345703125,30433900,59.72626031076112
2022-12-01,63.61000061035156,64.11000061035156,63.43000030517578,63.790000915527344,63.30442428588867,12001400,59.770365758136634
2022-12-02,63.61000061035156,64.5199966430664,63.400001525878906,64.3499984741211,63.86016082763672,13643500,60.13219614361495
2022-12-05,63.40999984741211,63.79999923706055,63.2599983215332,63.470001220703125,62.98686218261719,9185100,60.64487288771762
2022-12-06,63.52000045776367,63.880001068115234,63.22999954223633,63.43999862670898,62.95708465576172,10099500,61.077511956347976
2022-12-07,63.45000076293945,63.720001220703125,63.25,63.540000915527344,63.05632781982422,12307600,61.31518541605894
2022-12-08,63.59999847412109,63.84999847412109,63.34999847412109,63.810001373291016,63.32427215576172,9946200,61.38023495148638
2022-12-09,63.61000061035156,63.84000015258789,63.09000015258789,63.13999938964844,62.65937042236328,13914900,61.6692517933398
2022-12-12,63.29999923706055,64.01000213623047,63.0099983215332,63.970001220703125,63.483055114746094,11647900,62.180467612372155
2022-12-13,64.58999633789062,64.69999694824219,63.79999923706055,63.9900016784668,63.50290298461914,17521600,62.67316900657386
2022-12-14,64.19000244140625,64.6500015258789,63.56999969482422,63.9900016784668,63.50290298461914,12826700,62.8082295487358
2022-12-15,63.59000015258789,63.88999938964844,62.4900016784668,63.11000061035156,62.62960052490234,12212300,63.02386597015874
2022-12-16,62.75,63.13999938964844,62.33000183105469,62.75,62.2723388671875,33631500,63.10601435889146
2022-12-19,62.83000183105469,63.40999984741211,62.470001220703125,62.84000015258789,62.36165618896485,10919700,63.364326424156566
2022-12-20,62.81999969482422,63.150001525878906,62.75,62.790000915527344,62.31203842163086,10286500,63.61242421396336
2022-12-21,63.06999969482422,64.05000305175781,63.06999969482422,63.79999923706055,63.31434631347656,10411300,63.600176707969204
2022-12-22,63.41999816894531,63.59000015258789,62.650001525878906,63.34000015258789,62.85784912109375,9666700,63.56988128020975
2022-12-23,63.5,63.869998931884766,63.20000076293945,63.81999969482422,63.33419418334961,6463300,63.68297744559717
2022-12-27,63.93000030517578,64.29000091552734,63.709999084472656,64.20999908447266,63.72122573852539,7320700,64.16916054272076
2022-12-28,64.45999908447266,64.6500015258789,63.4900016784668,63.56999969482422,63.08609771728516,7159400,64.11621196899694
2022-12-29,63.79999923706055,64.1500015258789,63.70000076293945,63.95000076293945,63.46320724487305,7169300,64.0306172153577
2022-12-30,63.91999816894531,63.91999816894531,63.16999816894531,63.61000061035156,63.12579345703125,7650200,64.13924826232466
